framecount,velocity,heading,gain_v,gain_h,cumulative tail angle,pt_0,pt_1,pt_2,pt_3,pt_4,pt_5
1,0.0,0.0,1.0,1.0,-1.1112352333279554,[  0 276],[ 49 279],[ 93 256],[142 247],[190 236],[238 222]
2,0.0,-0.15153207727199391,1.0,1.0,-0.9907345659772446,[  0 276],[ 49 279],[ 93 256],[142 253],[190 242],[238 228]
3,0.0,-0.32884459745683087,1.0,1.0,-0.9907345659772446,[  0 276],[ 49 285],[ 93 262],[142 253],[190 242],[238 228]
4,0.0,-0.5098158407754675,1.0,1.0,-0.9021791924604217,[  0 276],[ 49 279],[ 93 256],[142 259],[186 236],[235 233]
5,0.0,-0.6813716856727632,1.0,1.0,-0.9316997215386421,[  0 276],[ 49 279],[ 90 251],[139 255],[184 233],[233 232]
6,0.0,-0.8433644087607624,1.0,1.0,-0.8011146871161265,[  0 276],[ 49 274],[ 97 264],[138 235],[187 232],[236 238]
7,0.0,-0.9898519806811203,1.0,1.0,-0.7548544790504876,[  0 276],[ 49 268],[ 97 257],[143 238],[192 228],[240 239]
8,0.0,-1.120861543077659,1.0,1.0,-0.9322123803601784,[  0 276],[ 49 274],[ 96 258],[140 234],[187 219],[235 231]
9,0.0,-1.2436548823678204,1.0,1.0,-0.9900560129275089,[  0 276],[ 49 274],[ 94 252],[140 233],[187 217],[235 228]
10,0.0,-1.3598177341180862,1.0,1.0,-1.2127523455729303,[  0 276],[ 49 279],[ 93 256],[136 231],[183 214],[232 218]
11,0.0,-1.4746501678174853,1.0,1.0,-1.2876653178314474,[  0 276],[ 49 279],[ 96 262],[139 237],[184 215],[233 214]
12,0.0,-1.5884373912463545,1.0,1.0,-1.4091570417490733,[  0 276],[ 49 279],[ 96 262],[139 237],[184 215],[233 208]
13,0.0,-1.7023779545013558,1.0,1.0,-1.3395418902249647,[  0 276],[ 49 279],[ 93 256],[139 236],[186 219],[235 211]
14,0.0,-1.8136021164450162,1.0,1.0,-1.4614985681948696,[  0 276],[ 49 279],[ 93 256],[139 236],[186 219],[234 205]
15,0.0,-1.9235553059010893,1.0,1.0,-1.42351728148409,[  0 276],[ 49 279],[ 93 256],[141 242],[186 220],[234 207]
16,0.0,-2.030600618156556,1.0,1.0,-1.2994452007883688,[  0 276],[ 49 274],[ 97 264],[141 240],[188 225],[236 213]
17,0.0,-2.132178077755931,1.0,1.0,-1.2958107067338376,[  0 276],[ 49 274],[ 96 258],[142 240],[189 225],[237 213]
18,0.0,-2.228255967525322,1.0,1.0,-1.3150077833728089,[  0 276],[ 49 274],[ 96 258],[144 245],[189 224],[237 212]
19,0.0,-2.3192166734635205,1.0,1.0,-1.2654768524604454,[  0 276],[ 49 279],[ 93 256],[142 247],[186 224],[235 215]
20,0.0,-2.4044882553370455,1.0,1.0,-1.2654768524604454,[  0 276],[ 49 279],[ 93 256],[142 247],[186 224],[235 215]
21,0.0,-2.49926437775562,1.0,1.0,-1.2889152074687191,[  0 276],[ 49 279],[ 96 262],[144 248],[189 226],[237 213]
22,0.0,-2.587847397783516,1.0,1.0,-1.2654768524604454,[  0 276],[ 49 279],[ 93 256],[142 247],[186 224],[235 215]
23,0.0,-2.6721239017154654,1.0,1.0,-1.296917901678426,[  0 276],[ 49 279],[ 93 256],[141 242],[188 226],[236 213]
24,0.0,-2.752914132594981,1.0,1.0,-1.2702216578921512,[  0 276],[ 49 279],[ 96 262],[142 243],[189 227],[237 214]
25,0.0,-2.8313785579231547,1.0,1.0,-1.2654768524604454,[  0 276],[ 49 279],[ 93 256],[142 247],[186 224],[235 215]
26,0.0,-2.907261360006792,1.0,1.0,-1.2471214643180508,[  0 276],[ 49 279],[ 93 256],[142 253],[186 230],[234 216]
27,0.0,-2.9823276361355795,1.0,1.0,-1.220425220531776,[  0 276],[ 49 279],[ 93 256],[142 253],[189 236],[235 217]
28,0.0,-3.056918397272858,1.0,1.0,-1.1125193903026798,[  0 276],[ 49 279],[ 93 256],[142 253],[189 236],[237 222]
29,0.0,-3.1271869120786913,1.0,1.0,-1.1125193903026798,[  0 276],[ 49 279],[ 93 256],[142 253],[189 236],[237 222]
30,0.0,-3.192737335230019,1.0,1.0,-1.0226798598111324,[  0 276],[ 49 279],[ 93 256],[142 259],[186 236],[235 227]
31,0.0,-3.249736731470838,1.0,1.0,-1.0226798598111324,[  0 276],[ 49 279],[ 93 256],[142 259],[186 236],[235 227]
32,0.0,-3.2979409263531236,1.0,1.0,-1.0226798598111324,[  0 276],[ 49 279],[ 93 256],[142 259],[186 236],[235 227]
33,0.0,-3.336492778310593,1.0,1.0,-1.1125193903026798,[  0 276],[ 49 285],[ 93 262],[142 253],[189 236],[237 222]
34,0.0,-3.368444155091171,1.0,1.0,-1.098640396206341,[  0 276],[ 49 285],[ 93 262],[142 253],[190 242],[236 223]
35,0.0,-3.3925427952736706,1.0,1.0,-1.1594277926695267,[  0 276],[ 49 285],[ 90 257],[139 255],[186 239],[232 221]
36,0.0,-3.4108494296830174,1.0,1.0,-1.162315827663055,[  0 276],[ 49 279],[ 96 262],[144 248],[191 232],[239 219]
37,0.0,-3.425621878603442,1.0,1.0,-1.1719722017892558,[  0 276],[ 49 285],[ 90 257],[139 249],[186 233],[234 220]
38,0.0,-3.437362670736402,1.0,1.0,-1.258220329792269,[  0 276],[ 49 285],[ 96 268],[142 249],[189 233],[235 215]
39,0.0,-3.447261743762994,1.0,1.0,-1.1497209905414405,[  0 276],[ 49 285],[ 96 268],[142 249],[189 233],[237 220]
40,0.0,-3.454682412033728,1.0,1.0,-1.1314175431516045,[  0 276],[ 49 285],[ 96 268],[142 249],[191 239],[237 221]
41,0.0,-3.4596003926074563,1.0,1.0,-1.0418151603123444,[  0 276],[ 49 285],[ 96 268],[144 254],[191 238],[239 225]
42,0.0,-3.4607017379405316,1.0,1.0,-0.9192238323672757,[  0 276],[ 49 285],[ 96 268],[144 254],[191 238],[240 231]
43,0.0,-3.4569813288784204,1.0,1.0,-1.055282106050626,[  0 276],[ 49 285],[ 90 257],[139 261],[184 239],[232 226]
44,0.0,-3.450304105245213,1.0,1.0,-0.9326907781055572,[  0 276],[ 49 285],[ 90 257],[139 261],[184 239],[233 232]
45,0.0,-3.4396312081270257,1.0,1.0,-0.992018722951969,[  0 276],[ 49 285],[ 93 262],[142 259],[189 242],[237 228]
46,0.0,-3.4261995998899213,1.0,1.0,-0.9905627123327749,[  0 276],[ 49 285],[ 93 262],[142 253],[189 236],[238 228]
47,0.0,-3.4104905185109367,1.0,1.0,-1.1125193903026798,[  0 276],[ 49 285],[ 93 262],[142 253],[189 236],[237 222]
48,0.0,-3.3947380922996446,1.0,1.0,-1.1125193903026798,[  0 276],[ 49 285],[ 93 262],[142 253],[189 236],[237 222]
49,0.0,-3.3804177048348336,1.0,1.0,-1.2191410635570514,[  0 276],[ 49 279],[ 93 256],[142 247],[190 236],[236 217]
50,0.0,-3.3688531026839286,1.0,1.0,-1.2330200576533905,[  0 276],[ 49 279],[ 93 256],[142 247],[189 230],[237 216]
51,0.0,-3.361208103426409,1.0,1.0,-1.2330200576533905,[  0 276],[ 49 279],[ 93 256],[142 247],[189 230],[237 216]
52,0.0,-3.3571263795265134,1.0,1.0,-1.2191410635570514,[  0 276],[ 49 279],[ 93 256],[142 247],[190 236],[236 217]
53,0.0,-3.356094737850416,1.0,1.0,-1.1866842687499966,[  0 276],[ 49 279],[ 96 262],[144 248],[192 237],[238 218]
54,0.0,-3.356168221032791,1.0,1.0,-1.0787784385209003,[  0 276],[ 49 279],[ 96 262],[144 248],[192 237],[240 223]
55,0.0,-3.3559641790483306,1.0,1.0,-0.9568217605509954,[  0 276],[ 49 279],[ 96 262],[144 248],[192 237],[241 229]
56,0.0,-3.3530158768062956,1.0,1.0,-0.9993869562352974,[  0 276],[ 49 279],[ 93 256],[142 253],[183 225],[232 229]
57,0.0,-3.348113844703158,1.0,1.0,-1.0573400471717804,[  0 276],[ 49 279],[ 93 256],[141 242],[186 220],[235 225]
58,0.0,-3.3420942861373404,1.0,1.0,-1.1739582521844378,[  0 276],[ 49 279],[ 93 256],[141 242],[183 215],[232 220]
59,0.0,-3.335472931837399,1.0,1.0,-1.3057674609545586,[  0 276],[ 49 279],[ 93 256],[139 236],[184 214],[233 213]
60,0.0,-3.331581425252177,1.0,1.0,-1.4225677957648521,[  0 276],[ 49 274],[ 96 258],[140 234],[182 208],[231 208]
61,0.0,-3.3320139227103374,1.0,1.0,-1.5498661225037065,[  0 276],[ 49 274],[ 96 258],[140 234],[185 213],[233 201]
62,0.0,-3.339335069884002,1.0,1.0,-1.6778751811769033,[  0 276],[ 49 274],[ 96 258],[140 234],[185 213],[231 195]
63,0.0,-3.3563359038892826,1.0,1.0,-1.6778751811769033,[  0 276],[ 49 274],[ 96 258],[140 234],[185 213],[231 195]
64,0.0,-3.3802811131003505,1.0,1.0,-1.6778751811769033,[  0 276],[ 49 274],[ 96 258],[140 234],[185 213],[231 195]
65,0.0,-3.41221109060684,1.0,1.0,-1.6778751811769033,[  0 276],[ 49 274],[ 96 258],[140 234],[185 213],[231 195]
66,0.0,-3.4505909309521705,1.0,1.0,-1.7865511369317038,[  0 276],[ 49 274],[ 96 258],[140 234],[185 213],[229 190]
67,0.0,-3.496336082510638,1.0,1.0,-1.7865511369317038,[  0 276],[ 49 274],[ 96 258],[140 234],[185 213],[229 190]
68,0.0,-3.5471139259269138,1.0,1.0,-1.7673974335402156,[  0 276],[ 49 274],[ 96 258],[142 240],[185 214],[229 191]
69,0.0,-3.6022057568949486,1.0,1.0,-1.6778751811769033,[  0 276],[ 49 274],[ 96 258],[140 234],[185 213],[231 195]
70,0.0,-3.6585447048334325,1.0,1.0,-1.5384428743628864,[  0 276],[ 49 274],[ 96 258],[137 229],[184 214],[232 202]
71,0.0,-3.7139267868235475,1.0,1.0,-1.4314868391825062,[  0 276],[ 49 274],[ 94 252],[138 228],[183 207],[232 207]
72,0.0,-3.7669804992899585,1.0,1.0,-1.4548495265993537,[  0 276],[ 49 268],[ 96 252],[133 218],[182 208],[231 207]
73,0.0,-3.818425353300909,1.0,1.0,-1.5476134628970228,[  0 276],[ 49 274],[ 94 252],[131 218],[178 203],[227 203]
74,0.0,-3.8701151641401412,1.0,1.0,-1.676066514790796,[  0 276],[ 49 274],[ 91 247],[131 218],[176 197],[225 197]
75,0.0,-3.9252507386703965,1.0,1.0,-1.79192808379948,[  0 276],[ 49 274],[ 91 247],[128 213],[173 192],[222 192]
76,0.0,-3.986761801742199,1.0,1.0,-1.9129718321700377,[  0 276],[ 49 268],[ 91 241],[128 207],[173 186],[222 186]
77,0.0,-4.05513892557022,1.0,1.0,-2.040909378151176,[  0 276],[ 48 262],[ 90 235],[130 206],[175 185],[224 179]
78,0.0,-4.130712256290868,1.0,1.0,-2.1537644700505,[  0 276],[ 48 262],[ 90 235],[134 211],[176 185],[224 173]
79,0.0,-4.212776278098721,1.0,1.0,-2.206627051762909,[  0 276],[ 49 268],[ 87 236],[130 212],[172 185],[220 172]
80,0.0,-4.299664383253247,1.0,1.0,-2.2050428330857628,[  0 276],[ 49 268],[ 87 236],[133 217],[172 185],[220 172]
81,0.0,-4.389323683902647,1.0,1.0,-2.0892561027779504,[  0 276],[ 49 268],[ 87 236],[133 217],[175 190],[223 177]
82,0.0,-4.478187456951295,1.0,1.0,-2.095423911295584,[  0 276],[ 49 274],[ 87 242],[133 223],[175 196],[221 177]
83,0.0,-4.5646665514971385,1.0,1.0,-2.095423911295584,[  0 276],[ 49 274],[ 87 242],[133 223],[175 196],[221 177]
84,0.0,-4.648977756494979,1.0,1.0,-2.0308308531253774,[  0 276],[ 49 274],[ 94 252],[138 228],[180 202],[224 179]
85,0.0,-4.730437338383222,1.0,1.0,-2.0411461088927543,[  0 276],[ 49 274],[ 87 242],[135 229],[177 203],[221 180]
86,0.0,-4.809445198205023,1.0,1.0,-1.932470153137954,[  0 276],[ 49 274],[ 87 242],[135 229],[177 203],[223 185]
87,0.0,-4.8832603300822,1.0,1.0,-1.9668685214099673,[  0 276],[ 49 274],[ 91 247],[137 228],[179 201],[225 182]
88,0.0,-4.952823868849792,1.0,1.0,-1.922154897370577,[  0 276],[ 49 274],[ 94 252],[138 228],[180 202],[226 184]
89,0.0,-5.018173778599834,1.0,1.0,-1.950287766660033,[  0 276],[ 49 274],[ 94 252],[134 223],[181 207],[225 183]
90,0.0,-5.08129750453828,1.0,1.0,-1.922154897370577,[  0 276],[ 49 274],[ 94 252],[138 228],[180 202],[226 184]
91,0.0,-5.143915146614244,1.0,1.0,-1.8834805461845732,[  0 276],[ 49 279],[ 96 262],[136 232],[181 210],[225 186]
92,0.0,-5.2070038263242395,1.0,1.0,-1.6675464588917164,[  0 276],[ 49 274],[ 96 258],[140 234],[182 208],[230 196]
93,0.0,-5.267257584228222,1.0,1.0,-1.5287872188900582,[  0 276],[ 49 285],[ 90 257],[138 243],[185 227],[229 203]
94,0.0,-5.321777006268111,1.0,1.0,-1.5237735465996167,[  0 276],[ 49 279],[ 96 262],[144 248],[189 226],[233 202]
95,0.0,-5.369263394919949,1.0,1.0,-1.2869497665293514,[  0 276],[ 49 279],[ 97 268],[146 266],[191 244],[231 215]
96,0.0,-5.405546771186119,1.0,1.0,-0.30762596213565074,[  0 276],[ 47 291],[ 95 280],[144 272],[189 250],[237 261]
97,0.0,-5.416640578654895,1.0,1.0,-0.823984211284531,[  0 276],[ 45 297],[ 92 281],[141 274],[188 259],[232 236]
98,0.0,-5.410131424078328,1.0,1.0,0.11656427477502851,[  0 276],[ 45 297],[ 92 281],[140 268],[189 264],[235 281]
99,0.01059675225227532,-5.373254982488373,1.0,1.0,-0.5277045868771255,[  0 276],[ 47 291],[ 91 269],[140 273],[189 269],[235 251]
100,0.020230163390707427,-5.3168365474308805,1.0,1.0,-0.3662659412682616,[  0 276],[ 45 297],[ 87 270],[136 269],[185 277],[231 259]
101,0.02898780988019116,-5.2404728306720125,1.0,1.0,-0.3662659412682616,[  0 276],[ 45 297],[ 87 270],[136 269],[185 277],[231 259]
102,0.03694930668881274,-5.147555949597909,1.0,1.0,-0.3597486065126907,[  0 276],[ 45 297],[ 87 270],[136 263],[185 271],[233 259]
103,0.044187031060286895,-5.039417758101686,1.0,1.0,-0.3597486065126907,[  0 276],[ 45 297],[ 87 270],[136 263],[185 271],[233 259]
104,0.050766780488899765,-4.91744201167626,1.0,1.0,-0.4999564735342844,[  0 276],[ 45 297],[ 87 270],[136 263],[185 259],[234 252]
105,0.05674837087854783,-4.785679409749632,1.0,1.0,-0.5341265108897363,[  0 276],[ 47 291],[ 91 269],[138 285],[177 253],[226 252]
106,0.062186180323682436,-4.645344958934474,1.0,1.0,-0.5341265108897363,[  0 276],[ 47 291],[ 91 269],[138 285],[177 253],[226 252]
107,0.06712964345562299,-4.498699863071854,1.0,1.0,-0.5435602421730585,[  0 276],[ 47 291],[ 89 263],[136 279],[183 263],[231 250]
108,0.07162370084829621,-4.345977390298061,1.0,1.0,-0.7091714014784769,[  0 276],[ 45 297],[ 87 270],[136 275],[178 249],[227 243]
109,0.07570920756890824,-4.190598094650629,1.0,1.0,-0.6982446602350167,[  0 276],[ 45 297],[ 87 270],[135 281],[178 255],[226 243]
110,0.07942330458764645,-4.032270874428987,1.0,1.0,-0.6662847479985965,[  0 276],[ 47 291],[ 89 263],[137 273],[184 257],[232 244]
111,0.082799756422863,-3.871211535826966,1.0,1.0,-0.6726902231906168,[  0 276],[ 45 297],[ 92 281],[138 263],[187 260],[234 243]
112,0.08586925809124168,-3.708283178147939,1.0,1.0,-0.682731530627797,[  0 276],[ 47 291],[ 91 269],[140 261],[189 256],[237 243]
113,0.08865971415340412,-3.546737194872497,1.0,1.0,-0.7881188255094678,[  0 276],[ 47 291],[ 91 269],[140 267],[187 251],[235 238]
114,0.09119649239173361,-3.3897771865305417,1.0,1.0,-0.7881188255094678,[  0 276],[ 47 291],[ 91 269],[140 267],[187 251],[235 238]
115,0.0935026544265786,-3.2370546145684442,1.0,1.0,-0.7719246454926567,[  0 276],[ 47 291],[ 89 263],[138 267],[187 257],[233 239]
116,0.09559916536734676,-3.0911928429524007,1.0,1.0,-0.7719246454926567,[  0 276],[ 47 291],[ 89 263],[138 267],[187 257],[233 239]
117,0.09750508440440873,-2.964922578074502,1.0,1.0,-0.7881188255094678,[  0 276],[ 47 291],[ 91 269],[140 267],[187 251],[235 238]
118,0.09923773807446508,-2.849642354743116,1.0,1.0,-0.7738936589347583,[  0 276],[ 47 291],[ 91 269],[140 267],[188 257],[234 239]
119,0.09021612552224098,-2.7569847599015347,1.0,1.0,-0.7738936589347583,[  0 276],[ 47 291],[ 91 269],[140 267],[188 257],[234 239]
120,0.08201465956567362,-2.6761077064827012,1.0,1.0,-0.7739286508259644,[  0 276],[ 47 291],[ 91 269],[140 273],[189 263],[233 239]
121,0.07455878142333966,-2.6081421494140944,1.0,1.0,-0.5360016077998091,[  0 276],[ 47 291],[ 95 280],[144 284],[191 268],[237 250]
122,0.06778071038485424,-2.548669856622609,1.0,1.0,-0.5355578210392136,[  0 276],[ 47 291],[ 95 280],[144 284],[193 274],[237 250]
123,0.06161882762259476,-2.497001534282984,1.0,1.0,-0.2545238704206175,[  0 276],[ 47 291],[ 96 292],[142 273],[189 287],[233 264]
124,0.05601711602054069,-2.4485954493911604,1.0,1.0,-0.1516381046719209,[  0 276],[ 49 285],[ 98 292],[144 273],[191 287],[237 269]
125,0.05092465092776426,-2.3998401217322884,1.0,1.0,0.04828701440457717,[  0 276],[ 47 291],[ 94 274],[143 272],[189 291],[237 278]
126,0.05068486578929271,-2.34757509397021,1.0,1.0,0.0833161789086278,[  0 276],[ 47 291],[ 94 274],[143 278],[192 286],[241 280]
127,0.05804107738237564,-2.291641759325615,1.0,1.0,0.0833161789086278,[  0 276],[ 47 291],[ 94 274],[143 278],[192 286],[241 280]
128,0.07230274054959902,-2.232244958452142,1.0,1.0,0.16591251263519072,[  0 276],[ 47 291],[ 94 274],[143 278],[191 291],[240 284]
129,0.1003508445775467,-2.166314904283799,1.0,1.0,0.0833161789086278,[  0 276],[ 47 291],[ 94 274],[143 278],[192 286],[241 280]
130,0.13342331904919258,-2.0957208435969825,1.0,1.0,0.04932650717387513,[  0 276],[ 47 291],[ 91 269],[140 273],[188 286],[237 279]
131,0.16797343285740474,-2.0217860894929793,1.0,1.0,-0.03247113790332812,[  0 276],[ 47 291],[ 91 269],[140 273],[189 275],[238 275]
132,0.1993826272285067,-1.9458424164172408,1.0,1.0,-0.15431357492324532,[  0 276],[ 47 291],[ 91 269],[140 273],[189 275],[238 269]
133,0.22793644029314486,-1.8695970142251435,1.0,1.0,-0.22140707711455676,[  0 276],[ 47 291],[ 94 274],[143 272],[192 267],[241 265]
134,0.25389445217008866,-1.7925551247542153,1.0,1.0,-0.22140707711455676,[  0 276],[ 47 291],[ 94 274],[143 272],[192 267],[241 265]
135,0.27749264478549207,-1.7147891559388955,1.0,1.0,-0.22140707711455676,[  0 276],[ 47 291],[ 94 274],[143 272],[192 267],[241 265]
136,0.29894554716313154,-1.6365857629016307,1.0,1.0,-0.058536190302287,[  0 276],[ 47 291],[ 94 274],[143 278],[192 274],[241 273]
137,0.31844818568825833,-1.5557637448424304,1.0,1.0,-0.08389037219806939,[  0 276],[ 47 291],[ 94 274],[143 278],[191 291],[237 272]
138,0.33617785707473724,-1.472686067698002,1.0,1.0,-0.00438184592068902,[  0 276],[ 49 285],[ 98 292],[146 279],[191 299],[235 276]
139,0.35229574015335446,-1.3866675637528751,1.0,1.0,0.45676820153540676,[  0 276],[ 47 291],[ 94 274],[142 284],[189 298],[238 298]
140,0.4084727430916798,-1.2916871711599849,1.0,1.0,0.2931240695233822,[  0 276],[ 47 291],[ 94 274],[143 278],[189 297],[238 290]
141,0.4861903884468285,-1.1907906407980482,1.0,1.0,0.16591251263519072,[  0 276],[ 47 291],[ 94 274],[143 278],[191 291],[240 284]
142,0.5719257490092537,-1.0894949660994466,1.0,1.0,0.18714591959830637,[  0 276],[ 47 291],[ 94 274],[143 278],[192 274],[240 285]
143,0.6475667107069423,-0.9875529380920244,1.0,1.0,0.08411486755798747,[  0 276],[ 47 291],[ 94 274],[143 278],[192 280],[241 280]
144,0.693192687666603,-0.8902605662037505,1.0,1.0,-0.04316704636574217,[  0 276],[ 49 285],[ 96 268],[145 272],[194 274],[243 274]
145,0.7248098432384601,-0.8003338046011446,1.0,1.0,-0.10465843953911481,[  0 276],[ 49 285],[ 97 274],[146 272],[195 267],[244 271]
146,0.7630671155346134,-0.720667822970735,1.0,1.0,-0.22644326386455,[  0 276],[ 49 285],[ 96 268],[145 266],[194 261],[243 265]
147,0.8184322052460754,-0.6524681957081786,1.0,1.0,-0.32725020477790145,[  0 276],[ 49 285],[ 96 268],[145 260],[194 261],[243 260]
148,0.8790857110935201,-0.5960671670652165,1.0,1.0,-0.4487419286955273,[  0 276],[ 49 285],[ 96 268],[145 260],[194 261],[243 254]
149,0.9191423061698161,-0.5531751561352152,1.0,1.0,-0.4697327394088439,[  0 276],[ 49 285],[ 96 268],[145 266],[194 261],[243 253]
150,0.94798319452021,-0.5217239950849977,1.0,1.0,-0.4697327394088439,[  0 276],[ 49 285],[ 96 268],[145 260],[194 255],[243 253]
151,0.9697179560047612,-0.5002101111291097,1.0,1.0,-0.4434166927417026,[  0 276],[ 47 291],[ 94 274],[142 260],[191 261],[240 254]
152,0.9894768300816259,-0.4862558378260986,1.0,1.0,-0.4487419286955273,[  0 276],[ 49 285],[ 96 268],[145 260],[194 261],[243 254]
153,1.0074394428787756,-0.47758506692025593,1.0,1.0,-0.32725020477790145,[  0 276],[ 49 285],[ 96 268],[145 260],[194 261],[243 260]
154,1.0237690908761845,-0.47114586329217184,1.0,1.0,-0.24178681468879526,[  0 276],[ 45 297],[ 90 275],[138 262],[187 264],[236 264]
155,1.0386142254192836,-0.4655699473244714,1.0,1.0,-0.3274220584223712,[  0 276],[ 49 285],[ 97 274],[145 260],[193 273],[241 260]
156,1.0521098022766464,-0.4619465916443957,1.0,1.0,-0.26805098050923204,[  0 276],[ 47 291],[ 95 280],[141 261],[190 269],[239 263]
157,1.0643785085106126,-0.46150965180169434,1.0,1.0,-0.3165542963154874,[  0 276],[ 47 291],[ 91 269],[140 261],[189 268],[238 261]
158,1.075531877814218,-0.46428512363720337,1.0,1.0,-0.43914562426055603,[  0 276],[ 47 291],[ 91 269],[140 261],[189 268],[237 255]
159,1.0856713044538595,-0.4727368768286643,1.0,1.0,-0.4242010785581935,[  0 276],[ 47 291],[ 91 269],[140 261],[186 280],[230 256]
160,1.0533645830775875,-0.4924335062767233,1.0,1.0,-0.24497866312686414,[  0 276],[ 47 291],[ 91 269],[135 291],[182 276],[230 264]
161,0.9973471936879418,-0.5176772975838257,1.0,1.0,-0.2614314706475668,[  0 276],[ 47 291],[ 96 286],[144 273],[193 275],[241 263]
162,0.9313393385487011,-0.5464536167259565,1.0,1.0,0.011503540577515653,[  0 276],[ 45 297],[ 87 270],[136 275],[183 289],[231 277]
163,0.8553647085111377,-0.5750090302054498,1.0,1.0,-0.07401882402730404,[  0 276],[ 47 291],[ 91 269],[140 267],[189 274],[238 273]
164,0.7786500568808084,-0.6031248655266068,1.0,1.0,-0.07401882402730404,[  0 276],[ 47 291],[ 91 269],[140 267],[189 274],[238 273]
165,0.7089094644895999,-0.629105421877589,1.0,1.0,-0.0773769629091032,[  0 276],[ 47 291],[ 94 274],[143 266],[191 279],[240 272]
166,0.6455089259521377,-0.6523520893335272,1.0,1.0,-0.19996829085417184,[  0 276],[ 47 291],[ 94 274],[143 266],[191 279],[239 266]
167,0.587872072736263,-0.6731244010251476,1.0,1.0,-0.19996829085417184,[  0 276],[ 47 291],[ 94 274],[143 266],[192 273],[241 266]
168,0.5354749334491041,-0.6902726582822062,1.0,1.0,-0.23581369175638406,[  0 276],[ 45 297],[ 87 270],[136 263],[185 265],[234 265]
169,0.4878411704607779,-0.7029584161939985,1.0,1.0,-0.38134921953649076,[  0 276],[ 49 285],[ 93 262],[142 265],[191 260],[240 258]
170,0.4445377495622995,-0.7132856935700957,1.0,1.0,-0.4697327394088439,[  0 276],[ 49 285],[ 96 268],[145 260],[194 255],[243 253]
171,0.4051710032909555,-0.722674127548366,1.0,1.0,-0.4088741027282422,[  0 276],[ 49 285],[ 98 286],[141 262],[190 258],[239 257]
172,0.36938305213518824,-0.7307380322102462,1.0,1.0,-0.5032033325903967,[  0 276],[ 45 297],[ 90 275],[139 268],[188 258],[237 251]
173,0.33684855108449074,-0.7388115101377948,1.0,1.0,-0.39149984939957605,[  0 276],[ 45 297],[ 93 286],[139 267],[188 275],[234 257]
174,0.307271731947493,-0.7470271670440435,1.0,1.0,-0.39149984939957605,[  0 276],[ 45 297],[ 93 286],[139 267],[188 275],[234 257]
175,0.2803837145502224,-0.7565374874321439,1.0,1.0,-0.13993303844223537,[  0 276],[ 47 291],[ 96 286],[142 267],[189 281],[237 269]
176,0.2559400623708854,-0.7626265647852333,1.0,1.0,-0.32272210483312136,[  0 276],[ 47 291],[ 91 269],[140 267],[188 280],[234 261]
177,0.23371856038966998,-0.7689076049833676,1.0,1.0,-0.3165542963154874,[  0 276],[ 47 291],[ 91 269],[140 261],[188 274],[236 261]
178,0.2135171949522014,-0.7746176415271261,1.0,1.0,-0.15350914385522738,[  0 276],[ 47 291],[ 95 280],[141 261],[186 280],[234 268]
179,0.19515231728177543,-0.7759135409250157,1.0,1.0,-0.40990334972014686,[  0 276],[ 47 291],[ 95 280],[141 261],[190 257],[239 256]
180,0.17845697394502455,-0.7768966622571238,1.0,1.0,-0.42357207991838164,[  0 276],[ 47 291],[ 89 263],[138 261],[186 251],[235 256]
181,0.16327938909343284,-0.7802257736971064,1.0,1.0,-0.5489414921030836,[  0 276],[ 47 291],[ 94 274],[143 272],[190 256],[239 249]
182,0.1494815846828949,-0.7871728298442113,1.0,1.0,-0.44197670721815474,[  0 276],[ 47 291],[ 96 286],[139 261],[188 268],[236 255]
183,0.13589234971172265,-0.7996721569933385,1.0,1.0,-0.39149984939957605,[  0 276],[ 45 297],[ 93 286],[139 267],[188 275],[234 257]
184,0.12353849973792969,-0.8153644683839851,1.0,1.0,-0.3222466134421019,[  0 276],[ 45 297],[ 93 286],[141 272],[190 279],[236 260]
185,0.11230772703448152,-0.8330151304129566,1.0,1.0,-0.3039143410980024,[  0 276],[ 47 291],[ 96 286],[145 290],[192 274],[240 261]
186,0.10209793366771047,-0.8521503328691429,1.0,1.0,-0.23757477006492672,[  0 276],[ 45 297],[ 92 281],[141 274],[190 276],[238 264]
187,0.09281630333428224,-0.870058787091277,1.0,1.0,-0.14099999498368312,[  0 276],[ 49 285],[ 98 292],[141 268],[188 282],[236 270]
188,0.08437845757662021,-0.8855350868949833,1.0,1.0,-0.05901531758535204,[  0 276],[ 49 285],[ 96 268],[143 284],[192 274],[241 273]
189,0.07670768870601838,-0.897193563432384,1.0,1.0,-0.0789245424836143,[  0 276],[ 47 291],[ 94 274],[143 272],[191 285],[239 272]
190,0.06973426246001671,-0.9036682055974817,1.0,1.0,-0.0789245424836143,[  0 276],[ 47 291],[ 94 274],[143 272],[191 285],[239 272]
191,0.06339478405456064,-0.9042250412440448,1.0,1.0,-0.07892454248361432,[  0 276],[ 47 291],[ 94 274],[143 272],[192 273],[241 272]
192,0.0576316218677824,-0.900231943283039,1.0,1.0,-0.16500948338565938,[  0 276],[ 49 285],[ 96 268],[145 272],[194 274],[243 268]
193,0.05239238351616582,-0.8919901199202418,1.0,1.0,-0.2951110197952457,[  0 276],[ 49 285],[ 96 268],[145 272],[194 280],[240 262]
194,0.04762943956015074,-0.8831831600958217,1.0,1.0,-0.1955105479449299,[  0 276],[ 47 291],[ 91 269],[140 267],[189 274],[238 267]
195,0.04329949050922795,-0.87250425159924,1.0,1.0,-0.2157473554021359,[  0 276],[ 47 291],[ 91 269],[140 267],[189 262],[238 266]
196,0.039363173190207226,-0.8638299845608918,1.0,1.0,-0.3165542963154874,[  0 276],[ 47 291],[ 91 269],[140 261],[189 262],[238 261]
197,0.035784702900188384,-0.8558601807735164,1.0,1.0,-0.3165542963154874,[  0 276],[ 47 291],[ 91 269],[140 261],[189 262],[238 261]
198,0.03253154809108035,-0.8486149046031753,1.0,1.0,-0.2949872598323724,[  0 276],[ 47 291],[ 91 269],[140 273],[189 263],[238 262]
199,0.029574134628254867,-0.8439575369389172,1.0,1.0,-0.31385323865005005,[  0 276],[ 49 285],[ 96 268],[145 266],[191 285],[235 261]
200,0.026885576934777153,-0.8384137920931811,1.0,1.0,-0.3222665183914311,[  0 276],[ 47 291],[ 95 280],[144 272],[193 273],[241 260]
201,0.02444143357707014,-0.8319925845762354,1.0,1.0,-0.2679119219485978,[  0 276],[ 45 297],[ 94 292],[140 273],[189 281],[235 263]
202,0.022219485070063764,-0.8223229017859963,1.0,1.0,-0.14630259850059096,[  0 276],[ 47 291],[ 96 292],[144 279],[193 287],[239 269]
203,0.020199531881876148,-0.8095003614032668,1.0,1.0,-0.018636357777625623,[  0 276],[ 47 291],[ 96 292],[144 279],[191 293],[237 275]
204,0.01836321080170559,-0.7927590043513951,1.0,1.0,-0.028578546517965597,[  0 276],[ 47 291],[ 96 292],[145 291],[194 299],[238 275]
205,0.016693828001550535,-0.7735350243007281,1.0,1.0,0.2810494844768717,[  0 276],[ 45 297],[ 92 281],[141 280],[186 300],[234 289]
206,0.04072616040839791,-0.7480818993604643,1.0,1.0,0.2810494844768717,[  0 276],[ 45 297],[ 92 281],[141 280],[186 300],[234 289]
207,0.08812368845797477,-0.7178705459437454,1.0,1.0,0.20800059974740187,[  0 276],[ 47 291],[ 95 280],[143 290],[192 292],[241 286]
208,0.15012149575280848,-0.6856465801822135,1.0,1.0,0.3298430367673191,[  0 276],[ 47 291],[ 95 280],[143 290],[192 292],[241 292]
209,0.23646886936332265,-0.6510494519305571,1.0,1.0,0.3298430367673191,[  0 276],[ 47 291],[ 95 280],[143 290],[192 292],[241 292]
210,0.3449522123517282,-0.6140234138029023,1.0,1.0,0.3269434402539802,[  0 276],[ 47 291],[ 95 280],[144 284],[193 292],[242 292]
211,0.47329556418245866,-0.5748288157404307,1.0,1.0,0.3543513640224354,[  0 276],[ 47 291],[ 96 292],[144 279],[191 293],[240 293]
212,0.6221850989397077,-0.533289055140374,1.0,1.0,0.47111888826445586,[  0 276],[ 47 291],[ 96 292],[145 285],[194 293],[243 299]
213,0.8003682112885211,-0.48685115861782086,1.0,1.0,0.3922489291691046,[  0 276],[ 47 291],[ 96 286],[145 284],[194 285],[242 295]
214,0.9491440954983532,-0.43526179883871324,1.0,1.0,0.28793993321042494,[  0 276],[ 47 291],[ 96 286],[145 284],[194 291],[243 290]
215,1.0666212131486614,-0.38176987429649695,1.0,1.0,0.2890395372378678,[  0 276],[ 47 291],[ 96 286],[145 284],[193 297],[242 290]
216,1.153805196885111,-0.32625739435848206,1.0,1.0,0.3489257381422473,[  0 276],[ 47 291],[ 96 292],[145 291],[194 299],[243 293]
217,1.2042857006168393,-0.2667167757631358,1.0,1.0,0.2319942040074743,[  0 276],[ 45 297],[ 94 298],[143 291],[192 299],[240 287]
218,1.221399404344275,-0.20510873385387154,1.0,1.0,0.43970910415573483,[  0 276],[ 45 297],[ 94 292],[141 308],[190 304],[239 297]
219,1.2101402932026375,-0.13908283624561169,1.0,1.0,0.5160844496160283,[  0 276],[ 45 297],[ 94 304],[143 309],[192 312],[240 301]
220,1.1713726250147805,-0.06774196085265617,1.0,1.0,0.5970416591255068,[  0 276],[ 47 291],[ 96 298],[145 303],[192 317],[240 305]
221,1.1068323340811441,0.009649401016170706,1.0,1.0,0.8493956883457481,[  0 276],[ 47 291],[ 95 304],[144 303],[189 323],[238 317]
222,1.0238037130552384,0.09524119740093624,1.0,1.0,0.9712381253656652,[  0 276],[ 47 291],[ 95 304],[144 303],[189 323],[238 323]
223,0.9350229122589069,0.18829111307617202,1.0,1.0,1.0054406523522406,[  0 276],[ 47 291],[ 96 298],[144 309],[191 324],[240 325]
224,0.8526188790097304,0.2868466320099755,1.0,1.0,0.2851424519464587,[  0 276],[ 47 291],[ 96 298],[144 309],[191 324],[229 292]
225,0.7751080718270277,0.3807205719288571,1.0,1.0,1.0981856503303136,[  0 276],[ 45 297],[ 94 304],[143 303],[188 323],[237 329]
226,0.7046437016609343,0.4772032832076601,1.0,1.0,1.0981856503303136,[  0 276],[ 45 297],[ 94 304],[143 303],[188 323],[237 329]
227,0.6405851833281221,0.5760576048136643,1.0,1.0,0.9697167381421706,[  0 276],[ 45 297],[ 94 304],[143 309],[190 323],[239 323]
228,0.5823501666619292,0.6763122081608695,1.0,1.0,0.848371446617707,[  0 276],[ 45 297],[ 93 310],[142 309],[189 323],[238 317]
229,0.5294092424199356,0.774523598610834,1.0,1.0,0.8837609718686955,[  0 276],[ 45 297],[ 94 304],[142 315],[191 324],[240 319]
230,0.4812811294726687,0.8713601072258205,1.0,1.0,1.0110428857924252,[  0 276],[ 45 297],[ 94 304],[142 315],[189 330],[238 325]
231,0.4375282995206079,0.9687219256786053,1.0,1.0,1.1001828861910725,[  0 276],[ 45 297],[ 94 304],[142 315],[187 335],[236 329]
232,0.39775299956418897,1.0674030995743455,1.0,1.0,1.2220253232109897,[  0 276],[ 45 297],[ 94 304],[142 315],[187 335],[236 335]
233,0.36159363596744454,1.1673528908651984,1.0,1.0,1.3438677602309068,[  0 276],[ 45 297],[ 94 304],[142 315],[187 335],[236 341]
234,0.3287214872431314,1.2711929579168166,1.0,1.0,1.317990218414316,[  0 276],[ 45 297],[ 94 304],[141 320],[188 334],[237 340]
235,0.298837715675574,1.3796391591256134,1.0,1.0,1.317990218414316,[  0 276],[ 45 297],[ 94 304],[141 320],[188 334],[237 340]
236,0.2716706506141582,1.4922577604223803,1.0,1.0,1.441126444521263,[  0 276],[ 45 297],[ 94 304],[141 320],[188 334],[236 346]
237,0.2469733187401438,1.6095319530518823,1.0,1.0,1.5691355031944598,[  0 276],[ 45 297],[ 94 304],[141 320],[188 334],[234 352]
238,0.2245211988546762,1.7343786004312522,1.0,1.0,1.5691355031944598,[  0 276],[ 45 297],[ 94 304],[141 320],[188 334],[234 352]
239,0.20411018077697834,1.8632768216721165,1.0,1.0,1.441126444521263,[  0 276],[ 45 297],[ 94 304],[141 320],[188 334],[236 346]
240,0.18555470979725303,1.99307123182161,1.0,1.0,1.4610963952748854,[  0 276],[ 42 302],[ 91 309],[140 314],[185 334],[233 346]
241,0.16868609981568455,2.1228487147231863,1.0,1.0,1.4224789775033297,[  0 276],[ 45 297],[ 94 304],[141 320],[190 328],[236 345]
242,0.1533509998324405,2.2486430167585865,1.0,1.0,1.46667494832439,[  0 276],[ 45 297],[ 91 316],[140 315],[182 340],[231 346]
243,0.1394099998476732,2.3697574298311146,1.0,1.0,1.4872759964831161,[  0 276],[ 38 307],[ 87 309],[135 320],[177 345],[226 345]
244,0.12673636349788472,2.486431923680652,1.0,1.0,1.4864773078337565,[  0 276],[ 38 307],[ 87 315],[135 326],[177 351],[226 345]
245,0.11521487590716793,2.6088814843059676,1.0,1.0,1.699768284206375,[  0 276],[ 42 302],[ 90 315],[138 326],[177 356],[226 356]
246,0.10474079627924357,2.7284026662454735,1.0,1.0,1.822510254350736,[  0 276],[ 42 302],[ 90 315],[134 337],[179 357],[228 363]
247,0.09521890570840325,2.8469354398816664,1.0,1.0,1.9411966675115524,[  0 276],[ 42 302],[ 90 315],[134 337],[176 362],[225 368]
248,0.08656264155309386,2.9679399604059697,1.0,1.0,2.0643328936184995,[  0 276],[ 42 302],[ 90 315],[134 337],[176 362],[224 374]
249,0.0786933105028126,3.09452536243262,1.0,1.0,2.0643328936184995,[  0 276],[ 42 302],[ 90 315],[134 337],[176 362],[224 374]
250,0.07153937318437509,3.2257017086625264,1.0,1.0,2.192341952291696,[  0 276],[ 42 302],[ 90 315],[134 337],[176 362],[222 380]
251,0.06503579380397735,3.3610615561419768,1.0,1.0,2.0673439550416575,[  0 276],[ 42 302],[ 90 315],[139 320],[178 350],[221 373]
252,0.05912344891270668,3.497304522971258,1.0,1.0,1.9456464804576832,[  0 276],[ 42 302],[ 90 315],[134 337],[179 357],[227 369]
253,0.05374858992064244,3.631029326778514,1.0,1.0,1.795385482219757,[  0 276],[ 42 302],[ 90 315],[137 331],[180 356],[229 362]
254,0.048862354473311304,3.7587543900849583,1.0,1.0,1.7918454514481703,[  0 276],[ 38 307],[ 85 321],[134 327],[176 353],[225 360]
255,0.04442032224846482,3.881329746268551,1.0,1.0,1.7934899536374915,[  0 276],[ 38 307],[ 85 321],[133 333],[175 359],[224 360]
256,0.04038211113496802,3.9992459755521335,1.0,1.0,1.700667817330819,[  0 276],[ 42 302],[ 90 315],[134 337],[179 357],[228 357]
257,0.0367110101226982,4.10998174816643,1.0,1.0,1.8193542304916352,[  0 276],[ 42 302],[ 90 315],[134 337],[176 362],[225 362]
258,0.03337364556608927,4.214062705915296,1.0,1.0,1.9244538370275426,[  0 276],[ 42 302],[ 90 315],[137 331],[176 361],[225 367]
259,0.030339677787353886,4.31352700842108,1.0,1.0,1.9373902230679745,[  0 276],[ 42 302],[ 91 309],[135 331],[174 361],[223 367]
260,0.027581525261230803,4.410716334951976,1.0,1.0,2.0605264491749216,[  0 276],[ 42 302],[ 91 309],[135 331],[174 361],[222 373]
261,0.025074113873846185,4.507244314351428,1.0,1.0,1.939034725257296,[  0 276],[ 42 302],[ 91 303],[135 325],[174 355],[222 367]
262,0.022794648976223804,4.60204096491121,1.0,1.0,1.9713678759664512,[  0 276],[ 42 302],[ 91 309],[139 320],[174 355],[222 368]
263,0.02072240816020346,4.695101914433404,1.0,1.0,1.952070287958618,[  0 276],[ 45 297],[ 94 304],[138 326],[180 351],[226 369]
264,0.018838552872912237,4.786040881610065,1.0,1.0,1.7872688176986573,[  0 276],[ 45 297],[ 94 304],[141 320],[184 345],[230 362]
265,0.017125957157192943,4.872814372359732,1.0,1.0,1.8209097358514823,[  0 276],[ 45 297],[ 94 298],[138 320],[185 334],[225 362]
266,0.015569051961084494,4.953351292836409,1.0,1.0,1.6663315570696209,[  0 276],[ 45 297],[ 94 298],[141 314],[186 333],[230 356]
267,0.014153683600985904,5.024436965579554,1.0,1.0,1.543607051244083,[  0 276],[ 45 297],[ 94 298],[142 308],[187 327],[231 350]
268,0.012866985091805366,5.083638627851493,1.0,1.0,1.4653105078551385,[  0 276],[ 45 297],[ 94 298],[143 297],[182 327],[228 345]
269,0.011697259174368514,5.129289833747392,1.0,1.0,1.4941062100880855,[  0 276],[ 47 291],[ 96 298],[144 309],[191 324],[234 348]
270,0.010633871976698649,5.163015111604612,1.0,1.0,1.467316629121251,[  0 276],[ 47 291],[ 96 298],[144 309],[189 329],[235 347]
271,0.009667156342453317,5.183787746158852,1.0,1.0,1.508440484559598,[  0 276],[ 42 302],[ 91 297],[140 301],[180 330],[227 347]
272,0.008788323947684834,5.19505054842886,1.0,1.0,1.5324606243744816,[  0 276],[ 47 291],[ 96 298],[143 314],[188 333],[234 350]
273,0.007989385406986212,5.19965510700046,1.0,1.0,1.5860030422820675,[  0 276],[ 47 291],[ 96 298],[144 309],[186 334],[232 352]
274,0.007263077642714738,5.200985854248219,1.0,1.0,1.5860030422820675,[  0 276],[ 47 291],[ 96 298],[144 309],[186 334],[232 352]
275,0.006602797857013398,5.19938868253028,1.0,1.0,1.5501150430594606,[  0 276],[ 47 291],[ 96 298],[143 314],[190 328],[234 351]
276,0.006002543506375816,5.194617959460635,1.0,1.0,1.4941062100880855,[  0 276],[ 47 291],[ 96 298],[144 309],[191 324],[234 348]
277,0.005456857733068924,5.187464189298558,1.0,1.0,1.3891088497795245,[  0 276],[ 45 297],[ 94 292],[143 296],[186 320],[230 342]
278,0.004960779757335386,5.17509377941423,1.0,1.0,1.2136414769897337,[  0 276],[ 49 285],[ 98 286],[147 291],[189 316],[235 334]
279,0.004509799779395805,5.154155056427963,1.0,1.0,1.0949550638289172,[  0 276],[ 49 285],[ 98 286],[147 291],[192 311],[238 329]
280,0.004099817981268914,5.123632101541733,1.0,1.0,1.0388682982579729,[  0 276],[ 49 285],[ 98 280],[146 290],[191 309],[237 326]
281,0.0037271072556990126,5.081952258678111,1.0,1.0,0.885410702469895,[  0 276],[ 45 297],[ 93 286],[142 290],[190 303],[237 319]
282,0.0033882793233627386,5.0296938921277174,1.0,1.0,0.9101476406401321,[  0 276],[ 49 285],[ 98 280],[146 290],[191 309],[239 320]
283,0.0030802539303297623,4.967715101145637,1.0,1.0,0.9101476406401321,[  0 276],[ 49 285],[ 98 280],[146 290],[191 309],[239 320]
284,0.0028002308457543293,4.897162709607584,1.0,1.0,1.0388682982579729,[  0 276],[ 49 285],[ 98 280],[146 290],[191 309],[237 326]
285,0.0025456644052312084,4.822818710216981,1.0,1.0,0.8242588337371733,[  0 276],[ 49 285],[ 97 274],[145 284],[192 298],[238 316]
286,0.0023142403683920074,4.741642562105784,1.0,1.0,0.7835214713611478,[  0 276],[ 49 285],[ 97 274],[146 278],[192 297],[238 314]
287,0.0021038548803563703,4.655807744472307,1.0,1.0,0.5371975828146759,[  0 276],[ 45 297],[ 87 270],[136 275],[185 278],[228 302]
288,0.0019125953457785185,4.564052326599654,1.0,1.0,0.3760897301871113,[  0 276],[ 49 285],[ 93 262],[140 277],[189 284],[237 295]
289,0.001738723041616835,4.465785299747224,1.0,1.0,0.4824450782643911,[  0 276],[ 45 297],[ 92 281],[141 274],[190 282],[236 299]
290,0.001580657310560759,4.362656259901964,1.0,1.0,0.4425700472991255,[  0 276],[ 47 291],[ 91 269],[140 273],[189 281],[235 298]
291,0.001436961191418872,4.254928770290517,1.0,1.0,0.4454696438124644,[  0 276],[ 47 291],[ 91 269],[139 279],[188 281],[234 298]
292,0.001306328355835338,4.142499631906286,1.0,1.0,0.4454696438124644,[  0 276],[ 47 291],[ 91 269],[139 279],[188 281],[234 298]
293,0.00118757123257758,4.025468720003867,1.0,1.0,0.4377927345651811,[  0 276],[ 47 291],[ 91 269],[139 279],[188 287],[236 298]
294,0.0010796102114341635,3.9034195686237108,1.0,1.0,0.5665133921830219,[  0 276],[ 47 291],[ 91 269],[139 279],[188 287],[234 304]
295,0.0009814638285765122,3.7785636630494905,1.0,1.0,0.6538157878273333,[  0 276],[ 45 297],[ 90 275],[139 280],[188 283],[231 307]
296,0.0008922398441604657,3.652836031774307,1.0,1.0,0.6629717857381756,[  0 276],[ 49 285],[ 97 274],[145 284],[190 303],[239 308]
297,0.0008111271310549688,3.5272045339193685,1.0,1.0,0.5518828698751544,[  0 276],[ 47 291],[ 91 269],[139 279],[184 298],[233 303]
298,0.0007373883009590625,3.401577363416183,1.0,1.0,0.5851608592009553,[  0 276],[ 47 291],[ 91 269],[139 279],[186 293],[234 305]
299,0.000670353000871875,3.278800654534349,1.0,1.0,0.5851608592009553,[  0 276],[ 47 291],[ 91 269],[139 279],[186 293],[234 305]
300,0.0006094118189744318,3.160233725487755,1.0,1.0,0.5171939523208459,[  0 276],[ 45 297],[ 87 270],[135 281],[184 290],[232 302]
301,0.0005540107445222108,3.0453318670917087,1.0,1.0,0.40918906087825174,[  0 276],[ 47 291],[ 95 280],[144 284],[192 297],[241 296]
302,0.0005036461313838279,2.934381700709962,1.0,1.0,0.5326254436051088,[  0 276],[ 47 291],[ 96 286],[145 284],[193 297],[242 302]
303,0.0004578601194398436,2.8283698831306245,1.0,1.0,0.6399108697884566,[  0 276],[ 45 297],[ 92 281],[140 292],[189 295],[237 307]
304,0.00041623647221803963,2.7283104566377947,1.0,1.0,0.579381889677036,[  0 276],[ 45 297],[ 93 286],[141 296],[190 298],[239 304]
305,0.0003783967929254906,2.6310816178909366,1.0,1.0,0.7825675866686449,[  0 276],[ 45 297],[ 94 292],[143 296],[191 309],[240 314]
306,0.00034399708447771873,2.542123247479222,1.0,1.0,0.7825675866686449,[  0 276],[ 45 297],[ 94 292],[143 296],[191 309],[240 314]
307,0.00031272462225247156,2.4612389941318566,1.0,1.0,0.8239833903317373,[  0 276],[ 47 291],[ 96 286],[144 296],[191 310],[240 316]
308,0.0002842951111386105,2.3916185702822115,1.0,1.0,0.7820827276670367,[  0 276],[ 47 291],[ 96 286],[145 290],[191 309],[240 314]
309,0.0002584501010351005,2.333863544020897,1.0,1.0,0.6548711707788452,[  0 276],[ 47 291],[ 96 286],[145 290],[193 303],[242 308]
310,0.00023495463730463683,2.283710239590353,1.0,1.0,0.6548711707788452,[  0 276],[ 47 291],[ 96 286],[145 290],[193 303],[242 308]
311,0.00021359512482239712,2.2410113417918547,1.0,1.0,0.5382276770452935,[  0 276],[ 45 297],[ 94 292],[143 290],[191 303],[240 302]
312,0.0001941773862021792,2.203459044246395,1.0,1.0,0.6559080134333032,[  0 276],[ 42 302],[ 91 297],[140 295],[188 308],[237 307]
313,0.00017652489654743564,2.172190206063534,1.0,1.0,0.6042883947550124,[  0 276],[ 45 297],[ 94 298],[143 297],[190 311],[239 305]
314,0.00016047717867948694,2.146034384899885,1.0,1.0,0.6386813205000914,[  0 276],[ 45 297],[ 94 298],[143 303],[192 312],[241 307]
315,0.00014588834425407904,2.123240473773619,1.0,1.0,0.7257801186726383,[  0 276],[ 45 297],[ 94 304],[143 303],[190 317],[239 311]
316,0.00013262576750370822,2.1035000681703586,1.0,1.0,0.973537902553587,[  0 276],[ 45 297],[ 94 304],[143 297],[185 322],[234 322]
317,0.00012056887954882566,2.0897892373966958,1.0,1.0,0.9656536051828566,[  0 276],[ 42 302],[ 91 303],[140 302],[187 316],[236 322]
318,0.00010960807231711424,2.0829671739930165,1.0,1.0,1.0238358505076328,[  0 276],[ 42 302],[ 91 297],[140 301],[188 314],[236 325]
319,9.964370210646748e-05,2.082747229871126,1.0,1.0,1.0238358505076328,[  0 276],[ 42 302],[ 91 297],[140 301],[188 314],[236 325]
320,9.058518373315226e-05,2.088529212369044,1.0,1.0,1.0792371635507028,[  0 276],[ 45 297],[ 93 286],[141 296],[188 310],[234 328]
321,8.235016703013841e-05,2.101449785702104,1.0,1.0,1.0792371635507028,[  0 276],[ 45 297],[ 93 286],[141 296],[188 310],[234 328]
322,7.486378820921675e-05,2.122332781041328,1.0,1.0,0.9711094949017937,[  0 276],[ 45 297],[ 94 298],[143 297],[190 311],[238 323]
323,6.805798928110613e-05,2.1472966502310324,1.0,1.0,0.9015901233338965,[  0 276],[ 42 302],[ 91 297],[140 295],[188 308],[236 319]
324,6.187089934646013e-05,2.173559430224565,1.0,1.0,0.9015901233338965,[  0 276],[ 42 302],[ 91 297],[140 295],[188 308],[236 319]
325,5.624627213314557e-05,2.2018284334049154,1.0,1.0,0.8479732687948469,[  0 276],[ 45 297],[ 94 304],[143 297],[190 311],[239 317]
326,5.1132974666495974e-05,2.228419422870591,1.0,1.0,0.82983736920162,[  0 276],[ 45 297],[ 94 292],[142 302],[189 316],[238 316]
327,4.648452242408725e-05,2.2532376376012007,1.0,1.0,0.9516798062215373,[  0 276],[ 45 297],[ 94 292],[142 302],[189 316],[238 322]
328,4.2258656749170225e-05,2.2775409657547976,1.0,1.0,0.9516798062215373,[  0 276],[ 45 297],[ 94 292],[142 302],[189 316],[238 322]
329,3.841696068106384e-05,2.3019475878747198,1.0,1.0,1.0737739886711524,[  0 276],[ 45 297],[ 94 298],[142 308],[189 322],[238 328]
330,3.4924509710058035e-05,2.329847737318635,1.0,1.0,1.0932036773514089,[  0 276],[ 45 297],[ 94 298],[143 303],[190 317],[238 329]
331,3.174955428187094e-05,2.3611887709936386,1.0,1.0,1.1133578940632294,[  0 276],[ 45 297],[ 94 298],[143 303],[192 312],[238 330]
332,2.886323116533722e-05,2.3975233045666133,1.0,1.0,1.095380339573504,[  0 276],[ 45 297],[ 94 298],[143 297],[185 322],[234 328]
333,2.623930105939747e-05,2.4365475031712296,1.0,1.0,0.9766939264126877,[  0 276],[ 45 297],[ 94 304],[143 297],[188 317],[237 323]
334,2.38539100539977e-05,2.4771023046071217,1.0,1.0,0.8476225556925555,[  0 276],[ 45 297],[ 94 304],[143 303],[190 317],[239 317]
335,2.1685372776361544e-05,2.5168195045741935,1.0,1.0,0.8487221597199983,[  0 276],[ 45 297],[ 93 310],[142 303],[189 317],[238 317]
336,1.9713975251237768e-05,2.5546025323767227,1.0,1.0,0.9702138836376242,[  0 276],[ 45 297],[ 93 310],[142 309],[189 323],[238 323]
337,1.7921795682943426e-05,2.588905411939259,1.0,1.0,1.0644184077121195,[  0 276],[ 42 302],[ 91 297],[138 313],[187 321],[236 327]
338,1.6292541529948568e-05,2.621436640666964,1.0,1.0,1.2174745220231191,[  0 276],[ 45 297],[ 94 298],[143 303],[185 328],[234 334]
339,1.4811401390862335e-05,2.653651012303725,1.0,1.0,1.21687206349113,[  0 276],[ 45 297],[ 94 304],[143 303],[185 328],[234 334]
340,1.3464910355329396e-05,2.68556911669601,1.0,1.0,1.2872201529032767,[  0 276],[ 45 297],[ 94 298],[142 308],[187 327],[235 338]
341,1.2240827595753997e-05,2.7174217069074404,1.0,1.0,1.3465256243536479,[  0 276],[ 45 297],[ 94 298],[143 297],[185 322],[231 340]
342,1.1128025087049087e-05,2.750023449746963,1.0,1.0,1.22192433496925,[  0 276],[ 45 297],[ 94 298],[143 303],[188 323],[236 335]
343,1.0116386442771898e-05,2.7830816001474488,1.0,1.0,1.2595402452015276,[  0 276],[ 49 285],[ 95 303],[144 301],[190 320],[236 337]
344,9.196714947974453e-06,2.818015602173358,1.0,1.0,1.170258700620524,[  0 276],[ 45 297],[ 93 286],[141 296],[186 315],[232 332]
345,8.360649952704048e-06,2.8534374482508205,1.0,1.0,1.0398420014519192,[  0 276],[ 45 297],[ 94 292],[143 290],[189 309],[235 326]
346,7.600590866094589e-06,2.888255518312019,1.0,1.0,0.9111213438340783,[  0 276],[ 45 297],[ 94 292],[143 290],[189 309],[237 320]
347,6.90962806008599e-06,2.9210167271126424,1.0,1.0,0.9097791435568363,[  0 276],[ 45 297],[ 93 286],[142 290],[188 309],[236 320]
348,6.281480054623628e-06,2.9502282715314174,1.0,1.0,0.9711094949017937,[  0 276],[ 45 297],[ 94 298],[143 297],[190 311],[238 323]
349,5.710436413294207e-06,2.9770491713032166,1.0,1.0,0.9766939264126877,[  0 276],[ 45 297],[ 94 298],[143 297],[188 317],[237 323]
350,5.191305830267461e-06,3.0001079884286,1.0,1.0,0.9763432133103964,[  0 276],[ 45 297],[ 94 304],[143 303],[188 323],[237 323]
351,4.719368936606782e-06,3.019476997669299,1.0,1.0,1.068832253773725,[  0 276],[ 45 297],[ 94 298],[141 314],[190 322],[239 328]
352,4.290335396915257e-06,3.036478020065986,1.0,1.0,1.1331370682420403,[  0 276],[ 45 297],[ 94 304],[142 315],[189 330],[238 331]
353,3.900304906286597e-06,3.052448359453909,1.0,1.0,1.3389662459407452,[  0 276],[ 45 297],[ 94 304],[143 309],[185 334],[234 340]
354,3.545731732987816e-06,3.0719069268910397,1.0,1.0,1.4340338142504616,[  0 276],[ 45 297],[ 94 298],[142 308],[185 333],[233 345]
355,3.223392484534378e-06,3.097593050814221,1.0,1.0,1.4340338142504616,[  0 276],[ 45 297],[ 94 298],[142 308],[185 333],[233 345]
356,2.930356804122162e-06,3.128925595124347,1.0,1.0,1.3439132043823292,[  0 276],[ 45 297],[ 93 310],[142 309],[187 329],[235 341]
357,2.6639607310201473e-06,3.1625056261437074,1.0,1.0,1.2092395115500976,[  0 276],[ 42 302],[ 91 309],[140 314],[187 328],[236 334]
358,2.4217824827455885e-06,3.195007760304553,1.0,1.0,1.1235354907063204,[  0 276],[ 42 302],[ 91 309],[139 320],[188 329],[237 330]
359,2.201620438859626e-06,3.223274168205547,1.0,1.0,1.091918004803386,[  0 276],[ 38 307],[ 87 315],[136 321],[184 331],[233 327]
360,2.0014731262360236e-06,3.24726698367889,1.0,1.0,1.151368980350563,[  0 276],[ 38 307],[ 87 315],[135 326],[184 335],[233 330]
361,1.8195210238509304e-06,3.267226118119847,1.0,1.0,1.2043771686410452,[  0 276],[ 42 302],[ 91 309],[135 331],[182 345],[230 333]
362,1.6541100216826639e-06,3.283432397761,1.0,1.0,1.4753910381167636,[  0 276],[ 42 302],[ 90 315],[134 337],[179 357],[227 346]
363,1.5037363833478763e-06,3.3016217433867867,1.0,1.0,1.697511793471718,[  0 276],[ 42 302],[ 90 315],[134 337],[176 362],[225 356]
364,1.3670330757707966e-06,3.3241298514320956,1.0,1.0,1.8193542304916352,[  0 276],[ 42 302],[ 90 315],[134 337],[176 362],[225 362]
365,1.2427573416098152e-06,3.3534430705169824,1.0,1.0,1.9346038362935256,[  0 276],[ 42 302],[ 91 303],[132 330],[171 360],[220 366]
366,1.1297794014634684e-06,3.3922927492510833,1.0,1.0,1.9373106767096608,[  0 276],[ 42 302],[ 91 309],[132 336],[174 361],[223 367]
367,1.0270721831486076e-06,3.4416041299122053,1.0,1.0,1.9456464804576832,[  0 276],[ 42 302],[ 90 315],[134 337],[179 357],[227 369]
368,9.337019846805523e-07,3.5005581214709642,1.0,1.0,1.9456464804576832,[  0 276],[ 42 302],[ 90 315],[134 337],[179 357],[227 369]
369,8.488199860732293e-07,3.56744179996378,1.0,1.0,1.822510254350736,[  0 276],[ 42 302],[ 90 315],[134 337],[179 357],[228 363]
370,7.716545327938448e-07,3.6397790030654953,1.0,1.0,1.822510254350736,[  0 276],[ 42 302],[ 90 315],[134 337],[179 357],[228 363]
371,7.01504120721677e-07,3.717078738263059,1.0,1.0,1.7301621818735908,[  0 276],[ 38 307],[ 87 315],[135 326],[177 351],[226 357]
372,6.377310188378882e-07,3.796369360189479,1.0,1.0,1.699768284206375,[  0 276],[ 42 302],[ 90 315],[138 326],[177 356],[226 356]
373,5.797554716708074e-07,3.876178533067556,1.0,1.0,1.822510254350736,[  0 276],[ 42 302],[ 90 315],[134 337],[179 357],[228 363]
374,5.270504287916431e-07,3.9553261085259446,1.0,1.0,1.822510254350736,[  0 276],[ 42 302],[ 90 315],[134 337],[179 357],[228 363]
375,4.791367534469483e-07,4.0325758558531195,1.0,1.0,1.9551777009578648,[  0 276],[ 45 297],[ 91 316],[135 338],[180 358],[228 370]
376,4.3557886676995295e-07,4.109909406423834,1.0,1.0,1.9466714812128505,[  0 276],[ 45 297],[ 93 310],[134 337],[179 357],[227 369]
377,3.959807879726845e-07,4.188432065263082,1.0,1.0,1.94665255723049,[  0 276],[ 45 297],[ 93 310],[137 332],[179 357],[227 369]
378,3.5998253452062224e-07,4.269871933012585,1.0,1.0,2.0579187854196768,[  0 276],[ 45 297],[ 93 310],[140 326],[179 356],[225 374]
379,3.27256849564202e-07,4.356649766803678,1.0,1.0,2.0535033339608075,[  0 276],[ 45 297],[ 94 304],[141 320],[180 350],[223 373]
380,2.9750622687654727e-07,4.448651233829547,1.0,1.0,1.9544666626031353,[  0 276],[ 45 297],[ 93 310],[141 321],[183 346],[226 369]
381,2.704602062514066e-07,4.543240263156508,1.0,1.0,1.8313797945598769,[  0 276],[ 42 302],[ 91 309],[139 320],[181 345],[227 363]
382,2.45872914774006e-07,4.637780325625366,1.0,1.0,1.70337073588668,[  0 276],[ 42 302],[ 91 309],[139 320],[181 345],[229 357]
383,2.2352083161273273e-07,4.72683465102119,1.0,1.0,1.5841394245639853,[  0 276],[ 42 302],[ 90 315],[138 326],[183 346],[232 352]
384,2.0320075601157522e-07,4.806247141805016,1.0,1.0,1.4896333316928572,[  0 276],[ 38 307],[ 87 315],[135 326],[180 346],[229 346]
385,1.8472796001052293e-07,4.873944121170328,1.0,1.0,1.5481132013596821,[  0 276],[ 38 307],[ 85 321],[133 333],[180 348],[229 349]
386,1.6793450910047539e-07,4.9302165028442415,1.0,1.0,1.4735889720632636,[  0 276],[ 38 307],[ 85 321],[131 339],[178 355],[227 345]
387,1.526677355458867e-07,4.975049735666257,1.0,1.0,1.710635185004414,[  0 276],[ 38 307],[ 85 321],[131 339],[175 360],[224 356]
388,1.3878885049626064e-07,5.012602520566454,1.0,1.0,1.8162171306148953,[  0 276],[ 42 302],[ 90 315],[131 342],[173 367],[222 361]
389,1.2617168226932785e-07,5.044976470250595,1.0,1.0,1.9380595676348125,[  0 276],[ 42 302],[ 90 315],[131 342],[173 367],[222 367]
390,1.1470152933575259e-07,5.075983006053688,1.0,1.0,2.069512771513225,[  0 276],[ 45 297],[ 91 316],[135 338],[174 368],[223 374]
391,1.0427411757795689e-07,5.1075389820178065,1.0,1.0,2.069512771513225,[  0 276],[ 45 297],[ 91 316],[135 338],[174 368],[223 374]
392,9.479465234359717e-08,5.140853740934818,1.0,1.0,2.1731295835100886,[  0 276],[ 45 297],[ 93 310],[140 326],[175 360],[221 378]
393,8.617695667599742e-08,5.177594812213516,1.0,1.0,2.1731295835100886,[  0 276],[ 45 297],[ 93 310],[140 326],[175 360],[221 378]
394,7.834268788727038e-08,5.2157769587735965,1.0,1.0,2.295657028008824,[  0 276],[ 45 297],[ 93 310],[140 326],[179 356],[219 384]
395,7.122062535206398e-08,5.256940002559916,1.0,1.0,2.308593414049256,[  0 276],[ 45 297],[ 94 304],[138 326],[177 356],[217 384]
396,6.474602304733088e-08,5.299180256635089,1.0,1.0,2.1898085305477655,[  0 276],[ 45 297],[ 94 304],[138 326],[180 351],[220 379]
397,5.8860020952118983e-08,5.340895992830722,1.0,1.0,2.098270045451592,[  0 276],[ 45 297],[ 94 304],[142 315],[177 350],[220 374]
398,5.3509109956471806e-08,5.380886900575223,1.0,1.0,2.0702225842625053,[  0 276],[ 45 297],[ 94 304],[142 315],[181 345],[221 373]
399,4.864464541497437e-08,5.41741005032717,1.0,1.0,1.9149350584216227,[  0 276],[ 45 297],[ 94 304],[141 320],[184 345],[228 368]
400,4.422240492270397e-08,5.448723346344315,1.0,1.0,1.9149350584216227,[  0 276],[ 45 297],[ 94 304],[141 320],[184 345],[228 368]
401,4.0202186293367245e-08,5.476650911757426,1.0,1.0,1.9149350584216227,[  0 276],[ 45 297],[ 94 304],[141 320],[184 345],[228 368]
402,3.654744208487931e-08,5.503178997549279,1.0,1.0,1.8324843416733578,[  0 276],[ 45 297],[ 94 304],[142 315],[181 345],[227 363]
403,3.322494734989028e-08,5.529056079257145,1.0,1.0,1.9111236708920067,[  0 276],[ 42 302],[ 91 303],[138 319],[181 344],[225 367]
404,3.0204497590809345e-08,5.55703957507786,1.0,1.0,1.8333838747978015,[  0 276],[ 45 297],[ 94 304],[138 326],[183 346],[229 364]
405,2.745863417346304e-08,5.587166624139032,1.0,1.0,1.8324843416733578,[  0 276],[ 45 297],[ 94 304],[142 315],[181 345],[227 363]
406,2.4962394703148217e-08,5.618432638835284,1.0,1.0,1.8265767506103894,[  0 276],[ 42 302],[ 91 309],[140 314],[179 344],[225 362]
407,2.2693086093771104e-08,5.6516697582666096,1.0,1.0,1.8087915641194539,[  0 276],[ 42 302],[ 91 303],[139 313],[178 343],[224 361]
408,2.063007826706464e-08,5.683223817464838,1.0,1.0,1.7890294884423916,[  0 276],[ 42 302],[ 91 297],[138 313],[181 338],[225 361]
409,1.87546166064224e-08,5.711538585251785,1.0,1.0,1.8278497733100365,[  0 276],[ 45 297],[ 94 304],[143 309],[185 334],[225 362]
410,1.7049651460384e-08,5.735776422408216,1.0,1.0,1.7082874072070886,[  0 276],[ 45 297],[ 94 304],[143 309],[185 334],[228 357]
411,1.5499683145803637e-08,5.752885019400798,1.0,1.0,1.5856903994986704,[  0 276],[ 45 297],[ 94 304],[142 315],[184 340],[232 352]
412,1.409062104163967e-08,5.761840711593856,1.0,1.0,1.5856903994986704,[  0 276],[ 45 297],[ 94 304],[142 315],[184 340],[232 352]
413,1.28096554923997e-08,5.761971715623753,1.0,1.0,1.4577511294422356,[  0 276],[ 45 297],[ 94 304],[143 309],[182 339],[231 345]
414,1.1645141356727e-08,5.752335649459098,1.0,1.0,1.5856903994986704,[  0 276],[ 45 297],[ 94 304],[142 315],[184 340],[232 352]
415,1.0586492142479092e-08,5.733894226193363,1.0,1.0,1.5846843227258638,[  0 276],[ 42 302],[ 91 309],[139 320],[184 340],[232 352]
416,9.624083765890083e-09,5.707257808342831,1.0,1.0,1.6607329243435034,[  0 276],[ 42 302],[ 91 303],[139 313],[182 338],[228 355]
417,8.749167059900075e-09,5.675828215666835,1.0,1.0,1.704475283000161,[  0 276],[ 45 297],[ 94 304],[142 315],[181 345],[229 357]
418,7.953788236272796e-09,5.641885930109773,1.0,1.0,1.704475283000161,[  0 276],[ 45 297],[ 94 304],[142 315],[181 345],[229 357]
419,7.230716578429815e-09,5.6060418436770485,1.0,1.0,1.7136994581718672,[  0 276],[ 45 297],[ 94 304],[142 315],[184 340],[230 358]
420,6.573378707663468e-09,5.570712188734802,1.0,1.0,1.6663315570696209,[  0 276],[ 45 297],[ 94 298],[141 314],[186 333],[230 356]
421,5.975798825148607e-09,5.535204272859779,1.0,1.0,1.5567583200759998,[  0 276],[ 45 297],[ 94 298],[141 314],[184 339],[232 351]
422,5.432544386498733e-09,5.498040121086862,1.0,1.0,1.5567583200759998,[  0 276],[ 45 297],[ 94 298],[141 314],[184 339],[232 351]
423,4.938676714998848e-09,5.460494628271519,1.0,1.0,1.4625541733917233,[  0 276],[ 45 297],[ 94 304],[142 315],[184 340],[233 346]
424,4.489706104544408e-09,5.420245505291658,1.0,1.0,1.4633030643168747,[  0 276],[ 45 297],[ 93 310],[141 321],[183 346],[232 346]
425,4.08155100413128e-09,5.378608836985227,1.0,1.0,1.4583920727598159,[  0 276],[ 42 302],[ 91 309],[139 320],[181 345],[230 345]
426,3.7105009128466177e-09,5.335656062130559,1.0,1.0,1.5792379102738234,[  0 276],[ 42 302],[ 90 315],[139 320],[181 345],[230 351]
427,3.3731826480423796e-09,5.293235282621725,1.0,1.0,1.696762902546567,[  0 276],[ 42 302],[ 91 309],[135 331],[177 356],[226 356]
428,3.0665296800385267e-09,5.253143274046792,1.0,1.0,1.918521708326704,[  0 276],[ 42 302],[ 90 315],[137 331],[180 356],[228 368]
429,2.787754254580479e-09,5.218461796522548,1.0,1.0,2.0475900631344897,[  0 276],[ 42 302],[ 90 315],[137 331],[176 361],[224 373]
430,2.534322049618617e-09,5.189929639089024,1.0,1.0,2.0654374407319804,[  0 276],[ 45 297],[ 93 310],[137 332],[176 362],[224 374]
431,2.3039291360169246e-09,5.168861541879341,1.0,1.0,2.1934464994051774,[  0 276],[ 45 297],[ 93 310],[137 332],[176 362],[222 380]
432,2.0944810327426586e-09,5.157996309414718,1.0,1.0,2.1934464994051774,[  0 276],[ 45 297],[ 93 310],[137 332],[176 362],[222 380]
433,1.9040736661296898e-09,5.156406408536513,1.0,1.0,2.274809322121619,[  0 276],[ 45 297],[ 94 304],[141 320],[172 358],[216 381]
434,1.7309760601178997e-09,5.166102746729227,1.0,1.0,2.2208613733966605,[  0 276],[ 45 297],[ 93 310],[141 321],[176 356],[219 380]
435,1.5736146001071814e-09,5.183579022003031,1.0,1.0,2.176094661905876,[  0 276],[ 45 297],[ 93 310],[140 326],[179 356],[222 379]
436,1.430558727370165e-09,5.20753123142258,1.0,1.0,2.176094661905876,[  0 276],[ 45 297],[ 93 310],[140 326],[179 356],[222 379]
437,1.3005079339728771e-09,5.236333627316203,1.0,1.0,2.176094661905876,[  0 276],[ 45 297],[ 93 310],[140 326],[179 356],[222 379]
438,1.182279939975343e-09,5.268948796931847,1.0,1.0,2.176094661905876,[  0 276],[ 45 297],[ 93 310],[140 326],[179 356],[222 379]
439,1.0747999454321298e-09,5.305030124476601,1.0,1.0,2.2208613733966605,[  0 276],[ 45 297],[ 93 310],[141 321],[176 356],[219 380]
440,9.770908594837544e-10,5.344747175633988,1.0,1.0,2.0847782067743386,[  0 276],[ 45 297],[ 93 310],[141 321],[176 356],[222 374]
441,8.88264417712504e-10,5.386559676454859,1.0,1.0,2.0847782067743386,[  0 276],[ 45 297],[ 93 310],[141 321],[176 356],[222 374]
442,8.075131070113673e-10,5.431771312019719,1.0,1.0,2.0732515461046264,[  0 276],[ 45 297],[ 93 310],[141 321],[180 351],[223 374]
443,7.341028245557884e-10,5.479915888342709,1.0,1.0,2.0535033339608075,[  0 276],[ 45 297],[ 94 304],[141 320],[180 350],[223 373]
444,6.673662041416259e-10,5.531742082644096,1.0,1.0,2.0535033339608075,[  0 276],[ 45 297],[ 94 304],[141 320],[180 350],[223 373]
445,6.066965492196599e-10,5.586904990231411,1.0,1.0,1.9487544405271915,[  0 276],[ 45 297],[ 94 298],[138 320],[180 345],[223 368]
446,5.51542317472418e-10,5.643739847598526,1.0,1.0,2.032446703853068,[  0 276],[ 45 297],[ 94 304],[141 320],[184 345],[225 373]
447,5.014021067931073e-10,5.701588019662892,1.0,1.0,1.9487544405271915,[  0 276],[ 45 297],[ 94 298],[138 320],[180 345],[223 368]
448,4.5582009708464305e-10,5.757613515239324,1.0,1.0,1.830578564040992,[  0 276],[ 45 297],[ 94 298],[138 320],[180 345],[226 363]
449,4.143819064405846e-10,5.807346559250367,1.0,1.0,1.9149350584216227,[  0 276],[ 45 297],[ 94 304],[141 320],[184 345],[228 368]
450,3.767108240368951e-10,5.850749485559776,1.0,1.0,1.9149350584216227,[  0 276],[ 45 297],[ 94 304],[141 320],[184 345],[228 368]
451,3.4246438548808647e-10,5.888154386082279,1.0,1.0,1.8333838747978015,[  0 276],[ 45 297],[ 94 304],[138 326],[183 346],[229 364]
452,3.113312595346241e-10,5.917248896221727,1.0,1.0,1.952070287958618,[  0 276],[ 45 297],[ 94 304],[138 326],[180 351],[226 369]
453,2.8302841775874916e-10,5.940406957101499,1.0,1.0,1.9493634475424828,[  0 276],[ 45 297],[ 94 298],[138 320],[177 350],[223 368]
454,2.5729856159886286e-10,5.957021841429758,1.0,1.0,2.067539324028682,[  0 276],[ 45 297],[ 94 298],[138 320],[177 350],[220 373]
455,2.339077832716935e-10,5.9700355265095215,1.0,1.0,2.067539324028682,[  0 276],[ 45 297],[ 94 298],[138 320],[177 350],[220 373]
456,2.1264343933790318e-10,5.9803858492473445,1.0,1.0,1.9487544405271915,[  0 276],[ 45 297],[ 94 298],[138 320],[180 345],[223 368]
457,1.9331221757991199e-10,5.986695139626565,1.0,1.0,1.9353274574746078,[  0 276],[ 45 297],[ 94 304],[141 320],[180 350],[226 368]
458,1.757383796181018e-10,5.9891476690017935,1.0,1.0,1.9149350584216227,[  0 276],[ 45 297],[ 94 304],[141 320],[184 345],[228 368]
459,1.5976216328918344e-10,5.987815973840853,1.0,1.0,1.9098299704768917,[  0 276],[ 47 291],[ 95 304],[142 320],[185 345],[229 368]
460,1.4523833026289404e-10,5.982364004563818,1.0,1.0,1.9149350584216227,[  0 276],[ 45 297],[ 94 304],[141 320],[184 345],[228 368]
461,1.3203484569354003e-10,5.975091625925341,1.0,1.0,1.9149350584216227,[  0 276],[ 45 297],[ 94 304],[141 320],[184 345],[228 368]
462,1.200316779032182e-10,5.966164329685552,1.0,1.0,1.9149350584216227,[  0 276],[ 45 297],[ 94 304],[141 320],[184 345],[228 368]
463,1.0911970718474382e-10,5.955889744635521,1.0,1.0,1.8138357335569821,[  0 276],[ 45 297],[ 94 298],[141 314],[180 344],[226 362]
464,9.919973380431257e-11,5.943281018220896,1.0,1.0,1.7872688176986573,[  0 276],[ 45 297],[ 94 304],[141 320],[184 345],[230 362]
465,9.01815761857387e-11,5.928188068985843,1.0,1.0,1.7827483682093501,[  0 276],[ 45 297],[ 93 310],[140 326],[185 345],[231 362]
466,8.198325107794427e-11,5.9122034868769155,1.0,1.0,1.6777051458317471,[  0 276],[ 45 297],[ 93 310],[140 326],[183 351],[232 357]
467,7.45302282526766e-11,5.8928346637139635,1.0,1.0,1.7028258377248018,[  0 276],[ 42 302],[ 90 315],[138 326],[180 351],[229 357]
468,6.775475295697873e-11,5.871873070800338,1.0,1.0,1.8216107212262922,[  0 276],[ 42 302],[ 90 315],[138 326],[177 356],[226 362]
469,6.159522996088976e-11,5.852694788476842,1.0,1.0,1.822510254350736,[  0 276],[ 42 302],[ 90 315],[134 337],[179 357],[228 363]
470,5.599566360080887e-11,5.833999648127242,1.0,1.0,1.941215591493913,[  0 276],[ 42 302],[ 90 315],[131 342],[176 362],[225 368]
471,5.090514872800807e-11,5.817362436896774,1.0,1.0,2.1923608762740567,[  0 276],[ 42 302],[ 90 315],[131 342],[176 362],[222 380]
472,4.627740793455279e-11,5.807132840343752,1.0,1.0,2.1831177771199903,[  0 276],[ 42 302],[ 90 315],[134 337],[173 367],[221 379]
473,4.207037084959344e-11,5.800983854693205,1.0,1.0,2.3111268357931873,[  0 276],[ 42 302],[ 90 315],[134 337],[173 367],[219 385]
474,3.824579168144858e-11,5.800327004850671,1.0,1.0,2.2908099198980985,[  0 276],[ 42 302],[ 90 315],[137 331],[172 365],[218 383]
475,3.476890152858962e-11,5.8027744676647695,1.0,1.0,2.2937749982938858,[  0 276],[ 42 302],[ 90 315],[137 331],[176 361],[219 384]
476,3.160809229871783e-11,5.808084465781202,1.0,1.0,2.2937749982938858,[  0 276],[ 42 302],[ 90 315],[137 331],[176 361],[219 384]
477,2.8734629362470758e-11,5.8176165625838685,1.0,1.0,2.307507790918136,[  0 276],[ 42 302],[ 91 309],[132 336],[177 356],[217 384]
478,2.612239032951887e-11,5.831357291496887,1.0,1.0,2.307507790918136,[  0 276],[ 42 302],[ 91 309],[132 336],[177 356],[217 384]
479,2.3747627572289882e-11,5.849202127770037,1.0,1.0,2.3116223758913765,[  0 276],[ 45 297],[ 93 310],[137 332],[176 362],[219 385]
480,2.1588752338445345e-11,5.870903693546735,1.0,1.0,2.3116223758913765,[  0 276],[ 45 297],[ 93 310],[137 332],[176 362],[219 385]
481,1.9626138489495767e-11,5.896041762218321,1.0,1.0,2.308593414049256,[  0 276],[ 45 297],[ 94 304],[138 326],[177 356],[217 384]
482,1.784194408135979e-11,5.924262620405593,1.0,1.0,2.308593414049256,[  0 276],[ 45 297],[ 94 304],[138 326],[177 356],[217 384]
483,1.6219949164872537e-11,5.9552860145162185,1.0,1.0,2.295657028008824,[  0 276],[ 45 297],[ 93 310],[140 326],[179 356],[219 384]
484,1.4745408331702307e-11,5.990059390450221,1.0,1.0,2.295657028008824,[  0 276],[ 45 297],[ 93 310],[140 326],[179 356],[219 384]
485,1.3404916665183916e-11,6.028604116894453,1.0,1.0,2.176094661905876,[  0 276],[ 45 297],[ 93 310],[140 326],[179 356],[222 379]
486,1.2186287877439923e-11,6.069008590394161,1.0,1.0,2.2208613733966605,[  0 276],[ 45 297],[ 93 310],[141 321],[176 356],[219 380]
487,1.1078443524945384e-11,6.113146605769781,1.0,1.0,2.2208613733966605,[  0 276],[ 45 297],[ 93 310],[141 321],[176 356],[219 380]
488,1.0071312295404894e-11,6.160336195234053,1.0,1.0,2.192813912207574,[  0 276],[ 45 297],[ 93 310],[141 321],[180 351],[220 379]
489,9.155738450368085e-12,6.208297683714953,1.0,1.0,2.0496919464311913,[  0 276],[ 42 302],[ 91 303],[138 319],[177 349],[220 372]
490,8.323398591243714e-12,6.254996969044141,1.0,1.0,2.0732515461046264,[  0 276],[ 45 297],[ 93 310],[141 321],[180 351],[223 374]
491,7.56672599203974e-12,6.299251355088095,1.0,1.0,1.952070287958618,[  0 276],[ 45 297],[ 94 304],[138 326],[180 351],[226 369]
492,6.878841810945218e-12,6.336205925287388,1.0,1.0,1.9713678759664512,[  0 276],[ 42 302],[ 91 309],[139 320],[174 355],[222 368]
493,6.253492555404744e-12,6.366913490452833,1.0,1.0,1.9544661020132208,[  0 276],[ 45 297],[ 91 316],[135 338],[182 352],[228 370]
494,5.684993232186131e-12,6.389965903324421,1.0,1.0,2.0728580373458745,[  0 276],[ 42 302],[ 88 321],[132 343],[177 363],[225 375]
495,5.168175665623755e-12,6.407950571172878,1.0,1.0,2.310329334008182,[  0 276],[ 42 302],[ 88 321],[132 343],[171 373],[219 385]
496,4.698341514203414e-12,6.424526010158489,1.0,1.0,2.4377483096484482,[  0 276],[ 42 302],[ 88 321],[129 348],[174 368],[217 391]
497,4.2712195583667394e-12,6.441557863482061,1.0,1.0,2.487395367748794,[  0 276],[ 45 297],[ 91 316],[128 348],[170 374],[216 393]
498,3.88292687124249e-12,6.459494378914818,1.0,1.0,2.440829372949099,[  0 276],[ 42 302],[ 90 315],[134 337],[169 372],[215 390]
499,3.5299335193113546e-12,6.477618323608655,1.0,1.0,2.4293027122793864,[  0 276],[ 42 302],[ 90 315],[134 337],[173 367],[216 390]
500,3.2090304721012316e-12,6.495699368826526,1.0,1.0,2.4300801948808437,[  0 276],[ 42 302],[ 90 315],[134 337],[176 362],[216 390]
501,2.9173004291829376e-12,6.513752016556264,1.0,1.0,2.4300801948808437,[  0 276],[ 42 302],[ 90 315],[134 337],[176 362],[216 390]
502,2.652091299257216e-12,6.531820152412821,1.0,1.0,2.3639402245601753,[  0 276],[ 45 297],[ 91 316],[137 333],[179 359],[219 388]
503,2.4109920902338327e-12,6.549000459698476,1.0,1.0,2.3200490492780776,[  0 276],[ 45 297],[ 91 316],[135 338],[177 363],[220 386]
504,2.191810991121666e-12,6.5649515393391065,1.0,1.0,2.307507790918136,[  0 276],[ 42 302],[ 91 309],[132 336],[177 356],[217 384]
505,1.992555446474242e-12,6.5796141221429885,1.0,1.0,2.3200490492780776,[  0 276],[ 45 297],[ 91 316],[135 338],[177 363],[220 386]
506,1.8114140422493108e-12,6.594906757247048,1.0,1.0,2.3074888669357754,[  0 276],[ 42 302],[ 91 309],[135 331],[177 356],[217 384]
507,1.6467400384084644e-12,6.609990436798999,1.0,1.0,2.1879265008328277,[  0 276],[ 42 302],[ 91 309],[135 331],[177 356],[220 379]
508,1.4970363985531494e-12,6.62325376085672,1.0,1.0,2.1711836703488174,[  0 276],[ 42 302],[ 91 309],[138 325],[177 355],[220 378]
509,1.3609421805028631e-12,6.635016370338392,1.0,1.0,2.192837492389886,[  0 276],[ 45 297],[ 93 310],[137 332],[179 357],[222 380]
510,1.2372201640935119e-12,6.647661636402986,1.0,1.0,2.187902920650515,[  0 276],[ 42 302],[ 91 309],[139 320],[178 350],[218 378]
511,1.1247456037213744e-12,6.660720760660061,1.0,1.0,2.1937134453320177,[  0 276],[ 45 297],[ 93 310],[137 332],[182 352],[222 380]
512,1.0224960033830676e-12,6.675887825767038,1.0,1.0,2.068340554547567,[  0 276],[ 42 302],[ 91 309],[139 320],[178 350],[221 373]
513,9.295418212573342e-13,6.690998421481306,1.0,1.0,2.0375263863666913,[  0 276],[ 45 297],[ 93 310],[140 326],[183 351],[227 374]
514,8.450380193248493e-13,6.705867966917279,1.0,1.0,2.0375263863666913,[  0 276],[ 45 297],[ 93 310],[140 326],[183 351],[227 374]
515,7.682163812044084e-13,6.718903940254811,1.0,1.0,2.070246164444818,[  0 276],[ 45 297],[ 94 304],[138 326],[180 351],[223 374]
516,6.98378528367644e-13,6.727480963703976,1.0,1.0,2.0375263863666913,[  0 276],[ 45 297],[ 93 310],[140 326],[183 351],[227 374]
517,6.348895712433127e-13,6.729820686067557,1.0,1.0,1.9353274574746078,[  0 276],[ 45 297],[ 94 304],[141 320],[180 350],[226 368]
518,5.771723374939206e-13,6.724419507621618,1.0,1.0,1.9149350584216227,[  0 276],[ 45 297],[ 94 304],[141 320],[184 345],[228 368]
519,5.247021249944733e-13,6.712338059290844,1.0,1.0,1.9149350584216227,[  0 276],[ 45 297],[ 94 304],[141 320],[184 345],[228 368]
520,4.770019318131575e-13,6.694340820073899,1.0,1.0,1.9149350584216227,[  0 276],[ 45 297],[ 94 304],[141 320],[184 345],[228 368]
521,4.3363811983014317e-13,6.670954987106778,1.0,1.0,1.9269674406056534,[  0 276],[ 42 302],[ 91 303],[139 313],[178 343],[221 366]
522,3.942164725728574e-13,6.64283451048746,1.0,1.0,1.8324843416733578,[  0 276],[ 45 297],[ 94 304],[142 315],[181 345],[227 363]
523,3.5837861142987036e-13,6.610023315157806,1.0,1.0,1.7872688176986573,[  0 276],[ 45 297],[ 94 304],[141 320],[184 345],[230 362]
524,3.257987376635185e-13,6.572929770791127,1.0,1.0,1.7872688176986573,[  0 276],[ 45 297],[ 94 304],[141 320],[184 345],[230 362]
525,2.9618067060319864e-13,6.53211419900479,1.0,1.0,1.7827483682093501,[  0 276],[ 45 297],[ 93 310],[140 326],[185 345],[231 362]
526,2.692551550938169e-13,6.4876823062753655,1.0,1.0,1.8067735006395327,[  0 276],[ 45 297],[ 93 310],[140 326],[179 356],[228 362]
527,2.447774137216517e-13,6.440461739708212,1.0,1.0,1.8354932843319305,[  0 276],[ 45 297],[ 91 316],[139 327],[181 352],[229 364]
528,2.2252492156513792e-13,6.392728044422151,1.0,1.0,1.9635023430051273,[  0 276],[ 45 297],[ 91 316],[139 327],[181 352],[227 370]
529,2.0229538324103448e-13,6.346501757880136,1.0,1.0,1.94665255723049,[  0 276],[ 45 297],[ 93 310],[137 332],[179 357],[227 369]
530,1.8390489385548588e-13,6.301120793726132,1.0,1.0,2.0579187854196768,[  0 276],[ 45 297],[ 93 310],[140 326],[179 356],[225 374]
531,1.6718626714135079e-13,6.2580928608329796,1.0,1.0,2.07415107922907,[  0 276],[ 45 297],[ 93 310],[137 332],[182 352],[225 375]
532,1.5198751558304618e-13,6.217346162301437,1.0,1.0,2.07415107922907,[  0 276],[ 45 297],[ 93 310],[137 332],[182 352],[225 375]
533,1.3817046871186015e-13,6.18038294351842,1.0,1.0,2.0495844336531985,[  0 276],[ 45 297],[ 94 304],[132 336],[179 350],[223 373]
534,1.2560951701078196e-13,6.146944445269583,1.0,1.0,2.0972734459456825,[  0 276],[ 45 297],[ 93 310],[142 315],[177 350],[220 374]
535,1.1419047000980179e-13,6.1173605431285365,1.0,1.0,1.9611902793233604,[  0 276],[ 45 297],[ 93 310],[142 315],[177 350],[223 368]
536,1.038095181907289e-13,6.088978960930474,1.0,1.0,2.0732515461046264,[  0 276],[ 45 297],[ 93 310],[141 321],[180 351],[223 374]
537,9.437228926429899e-14,6.063664683837753,1.0,1.0,2.0375263863666913,[  0 276],[ 45 297],[ 93 310],[140 326],[183 351],[227 374]
538,8.579299024027181e-14,6.042045326420171,1.0,1.0,2.0375263863666913,[  0 276],[ 45 297],[ 93 310],[140 326],[183 351],[227 374]
539,7.799362749115619e-14,6.024063065057984,1.0,1.0,1.9611902793233604,[  0 276],[ 45 297],[ 93 310],[142 315],[177 350],[223 368]
540,7.09032977192329e-14,6.008346307741019,1.0,1.0,2.0732515461046264,[  0 276],[ 45 297],[ 93 310],[141 321],[180 351],[223 374]
541,6.445754338112082e-14,5.9962172077394555,1.0,1.0,2.074029028706083,[  0 276],[ 45 297],[ 93 310],[141 321],[183 346],[223 374]
542,5.859776671010984e-14,5.987196138484858,1.0,1.0,2.0375263863666913,[  0 276],[ 45 297],[ 93 310],[140 326],[183 351],[227 374]
543,5.3270697009190763e-14,5.981791194317406,1.0,1.0,2.0375263863666913,[  0 276],[ 45 297],[ 93 310],[140 326],[183 351],[227 374]
544,4.84279063719916e-14,5.980290211919741,1.0,1.0,2.0375263863666913,[  0 276],[ 45 297],[ 93 310],[140 326],[183 351],[227 374]
545,4.402536942908327e-14,5.982338285676429,1.0,1.0,2.074029028706083,[  0 276],[ 45 297],[ 93 310],[141 321],[183 346],[223 374]
546,4.002306311734843e-14,5.988172179916554,1.0,1.0,2.074029028706083,[  0 276],[ 45 297],[ 93 310],[141 321],[183 346],[223 374]
547,3.638460283395312e-14,5.997120113699394,1.0,1.0,2.0649927877141767,[  0 276],[ 45 297],[ 93 310],[137 332],[184 346],[224 374]
548,3.3076911667230106e-14,6.0083841376390055,1.0,1.0,2.027926254363761,[  0 276],[ 45 297],[ 93 310],[140 326],[185 345],[226 373]
549,3.0069919697481915e-14,6.019502667284453,1.0,1.0,2.071122117386949,[  0 276],[ 45 297],[ 94 304],[138 326],[183 346],[223 374]
550,2.7336290634074467e-14,6.031307733691538,1.0,1.0,2.027926254363761,[  0 276],[ 45 297],[ 93 310],[140 326],[185 345],[226 373]
551,2.485117330370406e-14,6.04163062318358,1.0,1.0,2.027926254363761,[  0 276],[ 45 297],[ 93 310],[140 326],[185 345],[226 373]
552,2.2591975730640054e-14,6.050384729655455,1.0,1.0,1.9550756696184266,[  0 276],[ 45 297],[ 93 310],[141 321],[180 351],[226 369]
553,2.0538159755127323e-14,6.056719252680651,1.0,1.0,2.0535033339608075,[  0 276],[ 45 297],[ 94 304],[141 320],[180 350],[223 373]
554,1.867105432284302e-14,6.0625313495259325,1.0,1.0,2.070246164444818,[  0 276],[ 45 297],[ 94 304],[138 326],[180 351],[223 374]
555,1.697368574803911e-14,6.067446520092086,1.0,1.0,2.070246164444818,[  0 276],[ 45 297],[ 94 304],[138 326],[180 351],[223 374]
556,1.543062340730828e-14,6.073401982676609,1.0,1.0,2.070246164444818,[  0 276],[ 45 297],[ 94 304],[138 326],[180 351],[223 374]
557,1.4027839461189346e-14,6.078775057094451,1.0,1.0,2.071122117386949,[  0 276],[ 45 297],[ 94 304],[138 326],[183 346],[223 374]
558,1.275258132835395e-14,6.084117793806402,1.0,1.0,2.071122117386949,[  0 276],[ 45 297],[ 94 304],[138 326],[183 346],[223 374]
559,1.1593255753049045e-14,6.089432950785724,1.0,1.0,2.0535033339608075,[  0 276],[ 45 297],[ 94 304],[141 320],[180 350],[223 373]
560,1.0539323411862768e-14,6.095523726057436,1.0,1.0,2.071122117386949,[  0 276],[ 45 297],[ 94 304],[138 326],[183 346],[223 374]
561,9.581203101693425e-15,6.101031756821934,1.0,1.0,2.032446703853068,[  0 276],[ 45 297],[ 94 304],[141 320],[184 345],[225 373]
562,8.710184637903114e-15,6.10547202581439,1.0,1.0,2.0192204362912385,[  0 276],[ 45 297],[ 94 304],[141 320],[186 339],[223 371]
563,7.918349670821013e-15,6.109259007397413,1.0,1.0,1.7882304741099042,[  0 276],[ 45 297],[ 94 298],[142 308],[185 333],[226 361]
564,7.198499700746375e-15,6.109302228214841,1.0,1.0,1.5867956832894625,[  0 276],[ 45 297],[ 94 298],[143 303],[185 328],[228 351]
565,6.544090637042159e-15,6.103195192097814,1.0,1.0,1.4647015008398474,[  0 276],[ 45 297],[ 94 298],[143 297],[185 322],[228 345]
566,5.9491733064019626e-15,6.089334329338703,1.0,1.0,1.2655209223285462,[  0 276],[ 45 297],[ 93 286],[142 290],[185 314],[229 336]
567,5.40833936945633e-15,6.065708434470728,1.0,1.0,1.046368121651432,[  0 276],[ 49 285],[ 98 280],[146 290],[195 298],[236 326]
568,4.9166721540512085e-15,6.030340011871712,1.0,1.0,0.9528161795162617,[  0 276],[ 49 285],[ 98 292],[147 285],[194 299],[238 322]
569,4.469701958228371e-15,5.983526308488323,1.0,1.0,0.830224851571193,[  0 276],[ 49 285],[ 98 292],[146 279],[193 293],[237 316]
570,4.0633654165712465e-15,5.924047069969573,1.0,1.0,0.7139510342945161,[  0 276],[ 45 297],[ 94 292],[142 279],[191 287],[235 310]
571,3.693968560519315e-15,5.852057191042492,1.0,1.0,0.5943373389282012,[  0 276],[ 49 285],[ 98 292],[144 273],[191 287],[237 305]
572,3.3581532368357406e-15,5.767062906807388,1.0,1.0,0.5331009349961282,[  0 276],[ 45 297],[ 93 286],[141 272],[190 279],[234 301]
573,3.0528665789415822e-15,5.670404811121536,1.0,1.0,0.4138557002216837,[  0 276],[ 45 297],[ 94 292],[137 267],[186 274],[230 296]
574,2.7753332535832566e-15,5.560174983674318,1.0,1.0,0.3208547869245136,[  0 276],[ 45 297],[ 93 286],[139 267],[184 286],[233 291]
575,2.523030230530233e-15,5.436110712665207,1.0,1.0,0.17132631789671413,[  0 276],[ 47 291],[ 94 274],[143 266],[189 285],[238 284]
576,2.2936638459365755e-15,5.297430650203995,1.0,1.0,0.1714638223764243,[  0 276],[ 47 291],[ 94 274],[142 260],[188 279],[237 284]
577,2.0851489508514323e-15,5.145465379665597,1.0,1.0,0.005856313487426323,[  0 276],[ 45 297],[ 92 281],[140 268],[189 276],[238 276]
578,1.895589955319484e-15,4.979152418213879,1.0,1.0,-0.057238564841160494,[  0 276],[ 45 297],[ 92 281],[138 263],[185 278],[234 273]
579,0.005203505894652677,4.798935716681933,1.0,1.0,-0.06242629631527501,[  0 276],[ 45 297],[ 92 281],[138 263],[187 272],[236 273]
580,0.015609083645723843,4.60624876578549,1.0,1.0,-0.0778419169613823,[  0 276],[ 47 291],[ 94 274],[142 260],[190 273],[239 272]
581,0.03214523768864148,4.401774755411246,1.0,1.0,-0.14620854348931484,[  0 276],[ 47 291],[ 95 280],[141 261],[190 269],[239 269]
582,0.06046979077214068,4.186180356243629,1.0,1.0,-0.14620854348931484,[  0 276],[ 47 291],[ 95 280],[141 261],[190 269],[239 269]
583,0.09951107025616857,3.9606568709124232,1.0,1.0,-0.20043324490645092,[  0 276],[ 47 291],[ 94 274],[142 260],[191 267],[240 266]
584,0.15322434659678036,3.728517378988377,1.0,1.0,-0.20043324490645092,[  0 276],[ 47 291],[ 94 274],[142 260],[191 267],[240 266]
585,0.220275801897923,3.4931101736729366,1.0,1.0,-0.32725020477790145,[  0 276],[ 49 285],[ 96 268],[145 260],[194 261],[243 260]
586,0.3109816889696801,3.2546679183095666,1.0,1.0,-0.3277151588301806,[  0 276],[ 49 285],[ 96 268],[144 254],[193 261],[242 260]
587,0.4232338734740211,3.0161762850543385,1.0,1.0,-0.3219249688240768,[  0 276],[ 47 291],[ 94 274],[142 260],[191 261],[240 260]
588,0.5545472201892472,2.7807071672249197,1.0,1.0,-0.3274220584223712,[  0 276],[ 49 285],[ 97 274],[145 260],[194 261],[243 260]
589,0.7036886316051228,2.5491865386808303,1.0,1.0,-0.3165542963154874,[  0 276],[ 47 291],[ 91 269],[140 261],[189 262],[238 261]
590,0.8680493961936905,2.323075342533204,1.0,1.0,-0.26078356796415525,[  0 276],[ 47 291],[ 96 292],[139 268],[188 270],[237 264]
591,0.9901171978879997,2.1042278741863796,1.0,1.0,-0.2628760457005447,[  0 276],[ 47 291],[ 96 292],[139 268],[188 276],[236 264]
592,1.047057259525717,1.8935863568079654,1.0,1.0,-0.13781038553901154,[  0 276],[ 45 297],[ 94 292],[140 273],[189 275],[238 269]
593,1.0503572305603575,1.6929452775475642,1.0,1.0,-0.13781038553901154,[  0 276],[ 45 297],[ 94 292],[140 273],[189 275],[238 269]
594,1.015733958753514,1.5030215770504627,1.0,1.0,-0.14038772227700924,[  0 276],[ 47 291],[ 96 286],[144 273],[193 281],[241 269]
595,0.9550896401177913,1.3240739969276225,1.0,1.0,-0.1955105479449299,[  0 276],[ 47 291],[ 91 269],[140 267],[188 280],[236 267]
596,0.8843833215492513,1.1563920577362907,1.0,1.0,-0.1955105479449299,[  0 276],[ 47 291],[ 91 269],[140 267],[189 268],[238 267]
597,0.8045172299072672,0.9989497352397889,1.0,1.0,-0.17562915792064196,[  0 276],[ 47 291],[ 91 269],[140 267],[188 257],[236 268]
598,0.7313792999156974,0.8533455492692227,1.0,1.0,-0.19446011386587228,[  0 276],[ 47 291],[ 91 269],[140 261],[189 262],[238 267]
599,0.664890272650634,0.7191069045365527,1.0,1.0,-0.4209689142279899,[  0 276],[ 47 291],[ 89 263],[138 267],[187 263],[236 256]
600,0.6044457024096673,0.5921825554444066,1.0,1.0,-0.3198655424916913,[  0 276],[ 47 291],[ 89 263],[138 261],[187 262],[236 261]
601,0.5494960930996976,0.4734964613761332,1.0,1.0,-0.40195669307201615,[  0 276],[ 49 285],[ 93 262],[142 259],[191 259],[240 257]
602,0.4995419028179069,0.3621125374561206,1.0,1.0,-0.42185728457476673,[  0 276],[ 49 285],[ 93 262],[142 259],[191 253],[240 256]
603,0.45412900256173355,0.2570955783322166,1.0,1.0,-0.5441536098733691,[  0 276],[ 49 285],[ 93 262],[142 259],[191 253],[240 250]
604,0.41284454778339413,0.15693851960639132,1.0,1.0,-0.5313950736377727,[  0 276],[ 47 291],[ 95 280],[141 261],[190 257],[239 250]
605,0.375313225257631,0.061373532191123056,1.0,1.0,-0.5313950736377727,[  0 276],[ 47 291],[ 95 280],[141 261],[190 257],[239 250]
606,0.3411938411433009,-0.028287522761755432,1.0,1.0,-0.44197670721815474,[  0 276],[ 47 291],[ 96 286],[139 261],[188 268],[236 255]
607,0.31017621922118266,-0.11135568474239008,1.0,1.0,-0.39560833783839755,[  0 276],[ 47 291],[ 96 286],[142 267],[191 275],[237 257]
608,0.28197838111016604,-0.18787696884770774,1.0,1.0,-0.26794209711543227,[  0 276],[ 47 291],[ 96 286],[142 267],[189 281],[235 263]
609,0.25634398282742366,-0.25663068219835644,1.0,1.0,-0.27312982858954676,[  0 276],[ 49 285],[ 98 286],[144 267],[191 281],[237 263]
610,0.23303998438856696,-0.318541906139047,1.0,1.0,-0.20151587042868296,[  0 276],[ 47 291],[ 94 274],[143 272],[192 279],[240 266]
611,0.2118545312623336,-0.3740166411187365,1.0,1.0,-0.14557545375112377,[  0 276],[ 49 285],[ 98 286],[146 273],[195 281],[243 269]
612,0.1925950284203033,-0.4228486648464167,1.0,1.0,-0.07818346652873662,[  0 276],[ 47 291],[ 95 280],[144 272],[193 273],[242 272]
613,0.17508638947300298,-0.4664283193396222,1.0,1.0,-0.2090890098896795,[  0 276],[ 49 285],[ 98 280],[147 272],[195 285],[241 266]
614,0.15916944497545726,-0.5070181683018635,1.0,1.0,-0.09842027398594268,[  0 276],[ 47 291],[ 95 280],[144 272],[193 267],[242 271]
615,0.14469949543223387,-0.543345747609023,1.0,1.0,-0.16422123981955342,[  0 276],[ 47 291],[ 96 286],[142 267],[191 263],[240 268]
616,0.13154499584748533,-0.5759441473229128,1.0,1.0,-0.20014014449864156,[  0 276],[ 47 291],[ 95 280],[143 266],[192 267],[241 266]
617,0.1195863598613503,-0.6056421870158177,1.0,1.0,-0.31700227186255575,[  0 276],[ 47 291],[ 91 269],[140 267],[189 268],[238 261]
618,0.10871487260122754,-0.6345682201085756,1.0,1.0,-0.3442539286106573,[  0 276],[ 47 291],[ 95 280],[144 272],[192 261],[241 259]
619,0.0988317023647523,-0.6629072567576025,1.0,1.0,-0.40780714618679437,[  0 276],[ 47 291],[ 96 286],[142 267],[191 263],[240 256]
620,0.08984700214977483,-0.6884905386925199,1.0,1.0,-0.26794209711543227,[  0 276],[ 47 291],[ 96 286],[142 267],[189 281],[235 263]
621,0.08167909286343167,-0.7110400207418593,1.0,1.0,-0.27351415538878243,[  0 276],[ 47 291],[ 96 292],[142 273],[191 281],[237 263]
622,0.07425372078493787,-0.7297880607273967,1.0,1.0,-0.20694260299143918,[  0 276],[ 47 291],[ 95 280],[144 278],[193 285],[239 266]
623,0.0675033825317617,-0.7439010786926579,1.0,1.0,-0.039820047198319136,[  0 276],[ 47 291],[ 94 274],[143 278],[192 286],[240 274]
624,0.06136671139251064,-0.7498538191700538,1.0,1.0,0.04332118469012208,[  0 276],[ 47 291],[ 94 274],[143 278],[191 291],[239 278]
625,0.05972620896502077,-0.7474283615359424,1.0,1.0,-0.08187745300148802,[  0 276],[ 49 285],[ 98 280],[147 272],[195 285],[243 272]
626,0.05823484312184816,-0.7390936143144372,1.0,1.0,-0.022368870608638625,[  0 276],[ 47 291],[ 96 292],[142 273],[191 281],[240 275]
627,0.05687905599169124,-0.7257946463411209,1.0,1.0,-0.08187745300148802,[  0 276],[ 49 285],[ 98 280],[147 272],[196 273],[245 272]
628,0.055646522237003136,-0.7094265270266937,1.0,1.0,-0.08187745300148802,[  0 276],[ 49 285],[ 98 280],[147 272],[196 273],[245 272]
629,0.05452603700546849,-0.6920091734120243,1.0,1.0,-0.07818346652873662,[  0 276],[ 47 291],[ 95 280],[144 272],[193 273],[242 272]
630,0.05350741406770973,-0.6735168560978593,1.0,1.0,-0.19967519044636245,[  0 276],[ 47 291],[ 95 280],[144 272],[193 273],[242 266]
631,0.05258139321520176,-0.6566805583579503,1.0,1.0,-0.20041626640124016,[  0 276],[ 47 291],[ 94 274],[143 272],[192 273],[241 266]
632,0.051739556076558155,-0.6421226624032619,1.0,1.0,-0.22066600115967905,[  0 276],[ 47 291],[ 95 280],[144 272],[193 267],[242 265]
633,0.050974249586882146,-0.6308311551894217,1.0,1.0,-0.3417097495302366,[  0 276],[ 47 291],[ 95 280],[144 272],[193 267],[242 259]
634,0.050278516414449415,-0.6223746132628473,1.0,1.0,-0.3417097495302366,[  0 276],[ 47 291],[ 95 280],[144 272],[193 267],[242 259]
635,0.04964603171223784,-0.6180044316324745,1.0,1.0,-0.3044321619521104,[  0 276],[ 47 291],[ 95 280],[144 278],[192 268],[241 261]
636,0.04907104561931822,-0.615943506361216,1.0,1.0,-0.28059558929860295,[  0 276],[ 47 291],[ 96 286],[144 273],[193 269],[242 262]
637,0.0485483309893913,-0.6151670576346168,1.0,1.0,-0.2567388887159629,[  0 276],[ 45 297],[ 92 281],[141 274],[190 270],[239 263]
638,0.048073135871275915,-0.6136394217493458,1.0,1.0,-0.16422123981955342,[  0 276],[ 47 291],[ 96 292],[142 273],[191 269],[240 268]
639,0.04764114030935284,-0.6097956706428571,1.0,1.0,-0.2655771584643495,[  0 276],[ 49 285],[ 98 280],[146 267],[195 269],[244 263]
640,0.04724841707124095,-0.6043618516225614,1.0,1.0,-0.3073098281436425,[  0 276],[ 49 285],[ 96 268],[145 272],[194 268],[243 261]
641,0.04689139594568469,-0.5999588488454045,1.0,1.0,-0.345403736002988,[  0 276],[ 49 285],[ 98 280],[147 272],[196 267],[245 259]
642,0.046566831286088094,-0.5969364315109101,1.0,1.0,-0.28638577930470677,[  0 276],[ 49 285],[ 98 280],[146 267],[195 263],[244 262]
643,0.04627177250463664,-0.595272095429278,1.0,1.0,-0.4078775032223326,[  0 276],[ 49 285],[ 98 280],[146 267],[195 263],[244 256]
644,0.04600353724877168,-0.5987780279372125,1.0,1.0,-0.45903683094642983,[  0 276],[ 47 291],[ 91 269],[140 267],[189 262],[238 254]
645,0.04182139749888335,-0.6088155758849242,1.0,1.0,-0.45903683094642983,[  0 276],[ 47 291],[ 91 269],[140 261],[189 256],[238 254]
646,0.038019452271712134,-0.623083701900275,1.0,1.0,-0.5313950736377727,[  0 276],[ 47 291],[ 95 280],[141 261],[190 257],[239 250]
647,0.034563138428829215,-0.6429959919555366,1.0,1.0,-0.6324563786016532,[  0 276],[ 49 279],[ 98 286],[141 262],[190 258],[238 246]
648,0.03142103493529929,-0.6686059682639585,1.0,1.0,-0.5166520862089551,[  0 276],[ 47 291],[ 96 286],[142 267],[191 269],[237 251]
649,0.028564577213908444,-0.697816509906262,1.0,1.0,-0.5726392142706854,[  0 276],[ 49 285],[ 97 274],[146 266],[195 273],[238 249]
650,0.025967797467189493,-0.7311141261412009,1.0,1.0,-0.44994302933190167,[  0 276],[ 47 291],[ 95 280],[143 266],[192 273],[238 254]
651,0.023607088606535903,-0.7647974296123117,1.0,1.0,-0.3886430275357582,[  0 276],[ 47 291],[ 96 286],[142 267],[191 269],[239 257]
652,0.021460989642305365,-0.7979853431469741,1.0,1.0,-0.39383075900987274,[  0 276],[ 49 285],[ 98 286],[144 267],[193 269],[241 257]
653,0.019509990583913967,-0.830517511240079,1.0,1.0,-0.45028950827003844,[  0 276],[ 49 285],[ 96 268],[145 266],[194 267],[242 254]
654,0.017736355076285425,-0.8615728425802625,1.0,1.0,-0.4560093412406041,[  0 276],[ 49 285],[ 96 268],[145 266],[194 273],[240 254]
655,0.016123959160259476,-0.8913635927764797,1.0,1.0,-0.4437658532036789,[  0 276],[ 47 291],[ 91 269],[140 261],[188 274],[234 255]
656,0.014658144691144978,-0.9203460978355623,1.0,1.0,-0.44197670721815474,[  0 276],[ 47 291],[ 96 286],[139 261],[188 268],[236 255]
657,0.01332558608285907,-0.9488944813154494,1.0,1.0,-0.43914562426055603,[  0 276],[ 47 291],[ 91 269],[140 261],[189 268],[237 255]
658,0.01211416916623552,-0.977334921781864,1.0,1.0,-0.5663571811487476,[  0 276],[ 47 291],[ 91 269],[140 261],[189 268],[235 249]
659,0.011012881060214108,-1.008673539587639,1.0,1.0,-0.5663571811487476,[  0 276],[ 47 291],[ 91 269],[140 261],[189 268],[235 249]
660,0.010011710054740098,-1.0412647379022215,1.0,1.0,-0.6911601512425772,[  0 276],[ 47 291],[ 89 263],[138 261],[187 262],[233 243]
661,0.00910155459521827,-1.0761274225941004,1.0,1.0,-0.6934274390902111,[  0 276],[ 49 285],[ 96 268],[145 260],[194 255],[242 242]
662,0.008274140541107517,-1.1125665500833615,1.0,1.0,-0.7699485810764353,[  0 276],[ 49 285],[ 93 262],[142 253],[191 259],[237 239]
663,0.007521945946461379,-1.1522870678250314,1.0,1.0,-0.7620248379853686,[  0 276],[ 47 291],[ 94 274],[140 255],[189 257],[235 239]
664,0.0068381326786012536,-1.1932259112460455,1.0,1.0,-0.640981089614811,[  0 276],[ 47 291],[ 94 274],[140 255],[189 263],[235 245]
665,0.006216484253273867,-1.2329240997015363,1.0,1.0,-0.690679988023972,[  0 276],[ 47 291],[ 96 286],[139 261],[188 262],[234 243]
666,0.00565134932115806,-1.2721721322575852,1.0,1.0,-0.6983110906331205,[  0 276],[ 49 279],[ 97 268],[146 266],[195 261],[241 242]
667,0.005137590291961873,-1.3101282893584754,1.0,1.0,-0.6402400136599333,[  0 276],[ 47 291],[ 95 280],[141 261],[190 263],[236 245]
668,0.004670536629056248,-1.3447400272009884,1.0,1.0,-0.5122309549867365,[  0 276],[ 47 291],[ 95 280],[141 261],[190 263],[238 251]
669,0.0042459423900511346,-1.3761449552684246,1.0,1.0,-0.5181670182974711,[  0 276],[ 49 285],[ 98 286],[141 262],[190 270],[236 252]
670,0.0038599476273192134,-1.4039520872028228,1.0,1.0,-0.4485573757482456,[  0 276],[ 49 279],[ 97 268],[146 260],[195 267],[243 254]
671,0.0035090432975629212,-1.429212402776135,1.0,1.0,-0.45028950827003844,[  0 276],[ 49 285],[ 96 268],[145 266],[194 267],[242 254]
672,0.0031900393614208373,-1.4530169598527953,1.0,1.0,-0.43804602023311323,[  0 276],[ 47 291],[ 91 269],[140 261],[189 262],[238 255]
673,0.002900035783109852,-1.4752604016664397,1.0,1.0,-0.5772249432556313,[  0 276],[ 49 285],[ 97 274],[145 260],[194 267],[240 248]
674,0.002636396166463502,-1.49721265015592,1.0,1.0,-0.5909483414238712,[  0 276],[ 49 285],[ 97 274],[145 260],[194 255],[243 247]
675,0.0023967237876940926,-1.5190093169670376,1.0,1.0,-0.5934925205042919,[  0 276],[ 49 285],[ 97 274],[145 260],[193 249],[242 247]
676,0.0021788398069946297,-1.5408661958948802,1.0,1.0,-0.5934925205042919,[  0 276],[ 49 285],[ 97 274],[145 260],[193 249],[242 247]
677,0.001980763460904209,-1.5628022105559116,1.0,1.0,-0.5934925205042919,[  0 276],[ 49 285],[ 97 274],[145 260],[193 249],[242 247]
678,0.0018006940553674626,-1.584848772469264,1.0,1.0,-0.7145362688748493,[  0 276],[ 49 285],[ 97 274],[145 260],[193 249],[242 241]
679,0.0016369945957886024,-1.60691172540494,1.0,1.0,-0.7143644152303796,[  0 276],[ 49 285],[ 96 268],[145 260],[193 249],[242 241]
680,0.0014881769052623658,-1.6289872358112134,1.0,1.0,-0.8363210932002847,[  0 276],[ 49 285],[ 96 268],[145 260],[193 249],[241 235]
681,0.0013528880956930598,-1.6510353490254306,1.0,1.0,-0.7667995564323958,[  0 276],[ 49 285],[ 93 262],[142 259],[191 253],[239 239]
682,0.0012298982688118726,-1.6720796171839305,1.0,1.0,-0.7617585960842025,[  0 276],[ 49 285],[ 97 274],[143 255],[192 251],[240 239]
683,0.0011180893352835206,-1.6910990884417636,1.0,1.0,-0.6841761056807749,[  0 276],[ 47 291],[ 91 269],[140 267],[189 268],[232 244]
684,0.001016444850257746,-1.70732794323564,1.0,1.0,-0.5663571811487476,[  0 276],[ 47 291],[ 91 269],[140 261],[189 268],[235 249]
685,0.0009240407729615872,-1.7210638488419,1.0,1.0,-0.7659478446179842,[  0 276],[ 49 285],[ 93 262],[142 259],[191 265],[234 240]
686,0.0008400370663287156,-1.734577415619327,1.0,1.0,-0.8105905265599218,[  0 276],[ 47 291],[ 94 274],[142 260],[191 261],[234 237]
687,0.0007636700602988324,-1.7483935595432627,1.0,1.0,-0.7090391792765549,[  0 276],[ 47 291],[ 94 274],[142 260],[190 249],[239 241]
688,0.0006942455093625749,-1.7618918608234309,1.0,1.0,-0.8256251847378706,[  0 276],[ 47 291],[ 91 269],[139 255],[187 244],[236 236]
689,0.0006311322812387045,-1.7784366014838264,1.0,1.0,-0.9309353653618092,[  0 276],[ 47 291],[ 94 274],[137 249],[186 244],[234 231]
690,0.0005737566193079131,-1.7991059340896087,1.0,1.0,-1.0475213708231248,[  0 276],[ 47 291],[ 91 269],[134 244],[183 239],[231 226]
691,0.0005215969266435574,-1.826063927300432,1.0,1.0,-1.0684583469632933,[  0 276],[ 47 291],[ 91 269],[134 244],[182 233],[231 225]
692,0.0004741790242214158,-1.8590007689288157,1.0,1.0,-1.2809355485839637,[  0 276],[ 47 291],[ 91 269],[140 261],[178 229],[226 216]
693,0.0004310718402012871,-1.9004373003412216,1.0,1.0,-1.2639735856475203,[  0 276],[ 47 291],[ 89 263],[137 249],[184 233],[230 215]
694,0.0003918834910920792,-1.9474716285669345,1.0,1.0,-1.3903325855275892,[  0 276],[ 47 291],[ 89 263],[137 249],[184 233],[228 209]
695,0.00035625771917461744,-2.001130803009906,1.0,1.0,-1.5275487412075925,[  0 276],[ 49 285],[ 93 262],[141 248],[188 232],[229 203]
696,0.0003238706537951068,-2.0626490009676526,1.0,1.0,-1.448903731073255,[  0 276],[ 49 285],[ 93 262],[139 242],[186 225],[232 206]
697,0.00029442786708646073,-2.130239333800635,1.0,1.0,-1.5334299207258173,[  0 276],[ 49 285],[ 90 257],[139 249],[184 227],[228 203]
698,0.0002676616973513279,-2.2045024191063676,1.0,1.0,-1.4909663410826592,[  0 276],[ 49 279],[ 93 256],[142 253],[183 225],[229 205]
699,0.00024332881577393447,-2.2826019976416854,1.0,1.0,-1.4909663410826592,[  0 276],[ 49 279],[ 93 256],[142 253],[183 225],[229 205]
700,0.00022120801433994042,-2.3641916407535963,1.0,1.0,-1.4909663410826592,[  0 276],[ 49 279],[ 93 256],[142 253],[183 225],[229 205]
701,0.0002010981948544913,-2.4472910242355477,1.0,1.0,-1.518865975273229,[  0 276],[ 49 279],[ 97 268],[143 249],[185 222],[231 203]
702,0.00018281654077681027,-2.53309136947606,1.0,1.0,-1.474119393370581,[  0 276],[ 49 279],[ 97 268],[143 249],[188 228],[232 205]
703,0.0001661968552516457,-2.6208056942031583,1.0,1.0,-1.474119393370581,[  0 276],[ 49 279],[ 97 268],[143 249],[188 228],[232 205]
704,0.0001510880502287688,-2.7113179433326544,1.0,1.0,-1.5395155349297498,[  0 276],[ 49 279],[ 97 268],[145 254],[183 222],[229 203]
705,0.00013735277293524435,-2.8068721473655733,1.0,1.0,-1.532744969369568,[  0 276],[ 49 279],[ 96 262],[144 248],[186 221],[232 202]
706,0.0001248661572138585,-2.9041959300057485,1.0,1.0,-1.532744969369568,[  0 276],[ 49 279],[ 96 262],[144 248],[186 221],[232 202]
707,0.000113514688376235,-3.0025196566260393,1.0,1.0,-1.61146700843337,[  0 276],[ 49 279],[ 93 256],[142 247],[183 219],[229 199]
708,0.00010319517125112273,-3.1042106966784417,1.0,1.0,-1.6406507995986643,[  0 276],[ 49 279],[ 96 262],[142 243],[184 216],[230 197]
709,9.38137920464752e-05,-3.2077710823832732,1.0,1.0,-1.6638266311061658,[  0 276],[ 49 274],[ 97 264],[141 240],[186 219],[230 196]
710,8.528526549679564e-05,-3.3119108593750886,1.0,1.0,-1.672831011739375,[  0 276],[ 49 274],[ 97 264],[141 240],[183 214],[229 196]
711,7.75320595425415e-05,-3.4151103335619606,1.0,1.0,-1.672831011739375,[  0 276],[ 49 274],[ 97 264],[141 240],[183 214],[229 196]
712,7.048369049321955e-05,-3.5171694827969726,1.0,1.0,-1.5307124191122183,[  0 276],[ 49 274],[ 96 258],[142 240],[185 214],[233 202]
713,6.407608226656323e-05,-3.6133565757905504,1.0,1.0,-1.4604199728303078,[  0 276],[ 49 268],[ 97 257],[143 238],[188 217],[236 205]
714,5.825098387869385e-05,-3.7034782019735686,1.0,1.0,-1.4272591848721845,[  0 276],[ 49 279],[ 93 256],[139 236],[184 214],[233 207]
715,5.295543988972168e-05,-3.7859104975855566,1.0,1.0,-1.543003064145739,[  0 276],[ 49 274],[ 96 258],[137 229],[182 208],[231 202]
716,4.814130899065607e-05,-3.861059688909248,1.0,1.0,-1.5388409635138318,[  0 276],[ 49 274],[ 96 258],[137 229],[179 203],[228 203]
717,4.376482635514188e-05,-3.9306035523731566,1.0,1.0,-1.7438498536835534,[  0 276],[ 49 268],[ 97 257],[137 227],[179 200],[228 193]
